Номер сертификата;Название;Полное название;Юридический адрес;Аэропорты базирования;Контролирующее МТУ;Типы ВС
463;2й Архангельский ОАО;"ОАО ""2й Архангельский объединенный авиаотряд""";163035 г.Архангельск, аэропорт Васьково;Васьково;Архангел. МТУ;"Ан-2; Л-410УВП-Э; Ми-26;  Ми-8"
198;Абакан-авиа;"ЗАО ""Авиакомпания ""Абакан-Авиа""";665008 Р.Хакасия, Абакан, аэропорт;Абакан;Красноярск. МТУ;"AS-350B3; Ил-76; Ми-2;  Ми-8"
481;Авиа Менеджмент Груп;"ЗАО ""Авиа Менеджмент Груп""";119017 Москва,ул.Б.Ордынка, 44, стр.4;Быково;МТУ Центр.район;PC-12/47
442;Авиакон Цитотранс;"ОАО Авиакомпания ""АВИАКОН ЦИТОТРАНС""";620026 Свердлов.о.Екатеринб ург,ул.Белинского56, 605;Кольцово;Уральское МТУ;Ил-76
534;Авиалесоохрана;"Автономное учреждение Республики Алтай Алтайская база авиационной охраны лесов ""Авиалесоохрана""";649000, Респ. Алтай г.Горно-Алтайск, ул. Ленкина, д.20;Барнаул;Зап.- Сиб. МТУ;"Ан-2; Ми-2; Ми-8; R-44"
513;Авиалинии Дагестана;"ОАО ""Авиалинии Дагестана""";367016 Р.Дагестан,Махачкала -16, аэропорт;Махачкала;Южное МТУ;"Ми-8; Ту-134; Ту-154Б; Ту-154М"
278;Авиалинии Кубани;"ОАО ""Авиационные Линии Кубани""";350912 Краснодар, ул.Евдокии Бершанской,355;Краснодар;Южное МТУ;Як-42, В-737
509;Авиалинии Мордовии;"ОАО ""Авиалинии Мордовии""";430018 Россия, Р.Мордовия, г.Саранск, аэропорт;Саранск;Приволжск. МТУ;"Ан-2; Ан-24; Ан-26"
120;Авиалифт Владивосток;"ЗАО ""Авиалифт Владивосток""";692756,Приморский кр,г.Артем,Орбита 4;Кневичи;Дальневост.МТУ;Ка-32
180;АВИАЛЬ НВ;"ООО ""Авиакомпания АВИАЛЬ НВ""";125167 Москва,Ленинградский пр-т, д.37, к3, оф1110;Домодедово;МТУ Центр.район;Ан-12
531;ООО «Авианова»;Общество с ограниченной ответственностью «Авианова»;123022 Москва, ул. 2-я Звениго-родская, д.1;Внуково, Шереметьево;МТУ ВТ Центральных районов;А-320
476;АВИАПАНХ;"ОАО ""Авиационная компания ""АВИАПАНХ""";153041, г. Иваново, аэропорт ГА;Быково;МТУ Центр.район;"Ми-2; Ми-8"
458;Авиастар-ТУ;"ООО Авиационная компания ""Авиастар-ТУ""";113054 Россия, г.Москва, ул.Бахрушина, д.23, стр.1;Внуково, Домодедово, Раменское;МТУ Центр.район;Ту-204
87;АВИАХИМ;"ООО Авиакомпания ""АВИАХИМ""";305022 г.Курск, ул.Союзная, д.26;Курск;МТУ Центр.район;Ан-2
9;Авиашельф;"ЗАО совместное пред-тие ""Авиац.компания Авиашельф-Aviashelf""";693004 Южно-Сахалинск пр.Мира, 420;Южно-Сахалинск1 , Оха;Дальневост.МТУ;Ми-8
264;АВИАЭНЕРГО;"ОАО Авиакомпания ""Авиаэнерго""";125047Москва, ул.1-ая Тверская-Ямская,д.16 /23 ст.1;Шереметьево;МТУ Центр.район;"Ил-62М; :Ту-154М"
483;Авис-Амур;"ООО ""Авиакомпания ""Авис-Амур""";680032 г.Хабаровск, ул.Локомотивная, д.12а;Хабаровск(Нов) Комсомольск-на-Амуре;Дальневост.МТУ;"Ми-2; Ми-8; Ан-2; Ан-12"
533;АЙ ФЛАЙ;"ООО ""АЙ ФЛАЙ""";117342, г.Москва, Севастопольский пр-т. д. 56/40, стр. 1;Внуково;МТУ Центр. район;В-757-200
333;Алтайские Авиалинии;"Алтайское краевое гос.унит.предприятие ""Алтайские авиалинии""";656030,Алтайский кр.Барнаул,ул.Павлов ский тр.,226;Барнаул;Зап.-Сиб. МТУ;"Ан-2; Ми-8; R-44;"
249;АК БАРС АЭРО;"ОАО ""АК БАРС АЭРО""";423230 Бугульма, Татарстан, аэропорт;Бугульма;Татарское МТУ;"Як-40; CL-604; CL-600-2B19(CRJ-200)"
58;Амур;"ЗАО ""Артель старателей ""Амур""""";682470,Хабаровский кр.с.Аян, Аяно-Майского р-на;Хабаровск;Дальневост.МТУ;"Ан-2; Ан-24РВ; Ан-26; Ми-2; Ми-8Т"
527;Амурская авиабаза;"ГУ Амурской области ""Амурская база авиационной охраны лесов""";675002 Амурская обл. г.Благовещенск ул.Амурская,20;Благовещенск;Дальневост.МТУ;"Ан-2;Ми-8Т"
523;Амурские Авиалинии;"ООО ""Амурские Авиалинии""";675019,Амурская обл.,г.Благовещенск, аэропорт;Благовещенск;Дальневост.МТУ;Як-40  Действие СЭ приостанов-лено
477;Ангара;"ЗАО ""Авиакомпания ""Ангара""";664009, Иркутск,ул.Ширямова, д.2;Иркутск;Вост.-Сиб. МТУ;"Ан-24; Ан-26"
124;Арго;"ЗАО Авиакомпания ""АРГО""";626485 Х-МАО Тюмен.о.Сург-кий р,БелыйЯр,вм Побе;Сургут;Приобское МТУ;"Ми-8МТВ-1;Ми-8Т"
184;АТЛАНТ-СОЮЗ;"ОАО ""Авиационная компания ""АТЛАНТ-СОЮЗ""";121609 Москва. Крылатские холмы, д.13;Шереметьево, Внуково, Домодедово;МТУ Центр.район;"Ил-86;B-737-300; Ту-154М;  EMB-120ER"
499;АТРАН;"ООО ""АТРАН""";142015 Московская о, п/о Домодедово, аэропорт;Домодедово;МТУ Центр.район;Ан-12
67;АЭРО РЕНТ;"ООО ""Аэро Рент""";105120, Москва, ул.Нижняя Сыромятничес-кая, д.1/4;Внуково, Домодедово;МТУ Центр.район;"Ту-154Б; Ил-76"
318;Аэро-Камов;"ООО ""ДП ""АЭРО-КАМОВ""";147007 Моск.обл.,г.Люберцы, ул.8 Марта,д.8;Быково;МТУ Центр.район;Ка-32
512;Аэро-Транзит;"ООО ""Аэро-Транзит""";662155, г.Ачинск, Красноярское ш., стр.12;Ачинск;Красноярск. МТУ;"Ан-2; Ан-3"
240;АэроБратск;"ОАО ""Аэропорт Братск""";665711, Иркутская о,г.Братск, аэропорт;Братск;Вост.-Сиб. МТУ;"Ми-8; Як-40"
517;АэроГео;"ООО ""АэроГео""";660118, г.Красноярск, ул.Урванцева, д.10, офис 67;Черемшанка, Енисейск, Кызыл;Красноярск. МТУ;"Ан-2; Ми-8; R-44"
211;АЭРОКУЗБАСС;"ООО ""АЭРОКУЗБАСС""";653009 Кемеровская обл.,г.Прокопьевск, аэропорт;Новокузнецк;Зап.-Сиб. МТУ;Ми-8
505;Аэролимузин;"ООО ""Аэролимузин""";142015 М.о,Солнечн. р-н,д.Дубровки,СЭЗ Шеризон;Домодедово;МТУ Центр.район;"Як-40;HS125-700A1"
408;Аэросервис (Даг.);"ООО Авиакомпания ""Аэросервис""";367003, Махачкала,Р.Дагестан ,ул.Ушакова,2;Махачкала;Южное МТУ;Ан-2
204;АЭРОСТАРЗ;"ООО ""Авиакомпания ""АЭРОСТАРЗ""";"142021 Московская обл.,Домод.р-н, станция ""Космос""";Домодедово;МТУ Центр.район;"BAe125; Ил-62М; Ил-76; ИЛ-96; ТУ-214"
1;Аэрофлот ОАО;"ОАО ""Аэрофлот - российские авиалинии""";119002 Москва, ул. Арбат, д.10;Шереметьево, Магадан-Сокол Сочи, Пулково;ФАВТ;"A-319; A-320; Ил-96; Ту-154М; A-321;  B-767; A-330; A-320; MD-11F"
237;Балтийские авиалинии;"ЗАО ""Авиакомпания ""Балтийские авиалинии""";188450 Ленинградская обл., г.Кингисепп;Пулково;Сев.-Зап. МТУ;Ми-8
126;БАРКОЛ;"ООО Авиакомпания ""БАРКОЛ""";121315 Москва, ул. Ярцевская,д.8, подъезд 2;Быково;МТУ Центр.район;"Ан-2; :Ми-2; Ми-8; Як-40; R-44; ВК117С-2; AS-350В2; Ми-172;"
490;Башкортостан;"ООО ""Авиакомпания ""Башкортостан""";450501 Р.Башкортостан,Уфимс кий р-н,с.Булгаково,Аэр;Уфа, Домодедово;Приволжск. МТУ;B-757
218;Бурал;"ОАО ""Авиакомпания Бурятские авиалинии""";670018 Р.Бурятия, г.Улан-Удэ, п. Аэропорт, д.10;Улан-Удэ-Мухино;Вост.-Сиб. МТУ;"Ан-2;Ан-24; Ми-8"
129;Былина;"ЗАО Авиакомпания ""БЫЛИНА""";140150 М.О.,Раменский р.,п.Быково,ул.Совет ская,19;Внуково;МТУ Центр.район;Як-40
524;Вельталь-Авиа;"ООО ""Вельталь-Авиа""";644122, г.Омск, ул.Красный путь, д.34;Омск;Зап.-Сиб. МТУ;Ми-8
79;Вертикаль-Т;"ООО Авиакомпания ""ВЕРТИКАЛЬ-Т""";170007 Тверск.обл,п.Василье вский мох,ул.Ленина,1;Тверь(Змеево);МТУ Центр.район;"Ми-26; Ми-8; Ми-171"
537;Взлет;"ЗАО""Научно-производственное объединение ""Взлет""";119619 Москва, ул.Производ-ственная, д.6;Солнцево;МТУ Центр.район;Ми-8
451;ВИМ-АВИА;"ООО ""Авиакомпания ""ВИМ-АВИА""";127238 г.Москва, Дмитровское шоссе, д.46, корп.1;Домодедово;МТУ Центр.район;B-757
37;Вираж;"ООО ""ВИРАЖ""";347880 Ростовская обл., г.Гуково,ул. Милицейская,8;Ейск;Южное МТУ;Ан-2
536;ВИТЯЗЬ-АЭРО;ООО «ВИТЯЗЬ-АЭРО»;Россия, 684000, Камчатский Край, г. Елизово, ул. Сопочная д. 13;Петропавловск-Камчатский;Камчатское МТУ;Ми-8Т
190;Владивосток Авиа;"ОАО ""Владивосток Авиа""";692756 Артем,Приморский край,ул.Портовая,д.4 1;Владивосток;Дальневост.МТУ;"A-320; Ту-204; Ка-32; Ми-8;  Ту-154М; Як-40; A-320"
528;ГУО «Владимирская база авиационной охраны лесов».;Госучреждение Владимирской области «Владимирская база авиационной охраны лесов».;600001 Россия, г.Владимир, аэропорт;Владимир;МТУ ВТ Центральных районов;Ан-2
104;Волга-Авиаэксп- ресс;"ООО АВИАКОМ- ПАНИЯ ""Волга-Авиаэкспресс""";404170 Волгоград.о.,р.п.Све тлыйЯр,ул.Комсомол-я 4;Волгоград;Южное МТУ;"Ту-134; Як-42  Действие СЭ приостановлено"
21;ВОЛГА-ДНЕПР;"ООО ""Авиакомпания ВОЛГА-ДНЕПР""";432072 г.Ульяновск, ул.Карбышева, 14;Ульяновск-Вост, Ульяновск-Барат;ФАВТ;"Ан-124; Ил-76;"
195;Вологодское АП;"OAO ""Вологодское авиационное предприятие""";160015 Россия, г.Вологда, аэропорт;Вологда;Сев.-Зап. МТУ;"Ми-2;Ми-8; Як-40"
266;Восток;"ОАО ""Авиационная компания ""Восток""";680031 Хабаровск, аэропорт Местных возд.линий;Хабаровск;Дальневост.МТУ;"Ан-28; Ан-38; Ми-8"
254;Выборг;"ООО""Северо-Западная авиац.транспортная компания ""Выборг""";188902, Ленинград. обл.,Выборгский р-н, п/о Вещево;Пулково;Сев.-Зап. МТУ;Ил-114
423;Газпром авиа;"ООО Авиапредприятие ""Газпром авиа""-Доч.об щество ОАО ""Газпром""";142131 М.о.,Подольск.р-н,п/ оРязаново, а/пОстафьево;Остафьево, Белгород, Внуково, Надым, Пермь, Смышляевка, Советский, Сочи, Ухта, Белоярский;МТУ Центр.район;"FALCON-900; Ка-26;  Ан-74; Ми-2; Ми-8;  Ту-154М; Як-40; Як-42 Ми-171; B-737;EC-120B"
382;Геликс;"ЗАО ""Авиакомпания ""Геликс""";620089,Свердлов.о.г. Екатенбург,ул.Белинс кого,д.246;Б.Савино;Уральское МТУ;"Ми-2; Ми-8"
515;Глобус;"ООО ""Глобус""";633102,Новосибирская обл., г.Обь,а/п Толмачево;Домодедово, Новосибирск;Зап.-Сиб. МТУ;B-737
519;Грозный Авиа;"ООО ""Авиакомпания ""Грозный Авиа""";364903,Чеченская Республика, Грозный,пр-т Победы,4;Грозный;Южное МТУ;Як-42
26;ДАУРИЯ;"ОАО Авиакомпания ""ДАУРИЯ""";672018, г.Чита, ул. Звездная, 13;Чита;Вост.-Сиб. МТУ;"Ан-2; Ан-24; Ми-8"
114;Дельта К;"ООО Производственно-коммерч.авиац.предпри яти е ""ДЕЛЬТА К""";678980 Чульман, Республика Саха(Я), аэропорт;Нерюнгри (Чульм);Саха(Якут.) МТУ;"Ан-2; Ми-8"
491;Джет Эйр Групп;"ОАО ""Джет Эйр Групп""";101000 Москва, Бобров пер., д.4, стр.3;Шереметьево;МТУ Центр.район;"Ту-134; HS125-700"
485;ДЖЕТ-2000;"ООО ""Авиакомпания ДЖЕТ-2000""";121099,Москва,Малый Каковинский пер.4, оф.7;Внуково, Домодедово;МТУ Центр.район;"Як-40; Ан-74; CL-604"
507;ДЖЕТАЛЛИАНС Восток;"ЗАО ""ДЖЕТАЛЛИАНС Восток""";125167 г.Москва, Ленинградский пр-т, д.37, корп.9;Шереметьево;МТУ Центр.район;"Ту-134; Як-42"
89;ДОНАВИА;"ОАО ""ДОНАВИА""";344009 Ростов-на-Дону, просп.Шолохова,272;Ростов-на-Дону;Южное МТУ;"Ил-86; B-737; Ту-154М;"
532;ЗАО «Авиапредприятие «Ельцовка»;;;;Западно-сибирское МТУ ВТ Новосибирск (Ельцовка);Ми-8Т
511;Заполярье;"ЗАО ""Авиакомпания ""Заполярье""";663318, Красноярск.кр.Норильск, ул.Лауреатов, 57А;Валек, Норильск (Алык), Внуково;Красноярск. МТУ;"Ту-154Б; Ту-154М"
472;Зональное;"ОАО ""Авиапредприятие ""Зональное""";694404 Сахалин.о.,Тымовский р-н, п.Зональное, а/п;Зональное;Дальневост.МТУ;"Ан-2; Ми-2"
479;Ижавиа ОАО;"ОАО ""Ижавиа""";427000,Удмуртская Республика,Завьяловс кий р-н,а/п;Ижевск;Приволжск. МТУ;"Ан-24; Ан-26; Ту-134;  Як-42"
36;Икар ООО (Магадан);"ООО ""Авиакомпания ""Икар""";685000 г.Магадан, ул. Морская, д. 19/18;Магадан-Сокол;Сев.-Вост. МТУ;Ми-8
76;ИЛИН;"ООО ""Авиакомпания ""Илин""";677009 Р.Саха(Я) Якутск, ул.Халтурина, д.4/1;Маган;Саха(Якут.) МТУ;"Л-410УВП-Э; Ми-2;  Ми-8"
480;ИрАэро;"ЗАО Авиакомпания ""ИрАэро""";664000, г. Иркутск, ул.Ленина, д.18, кв.201;Иркутск;Вост.-Сиб. МТУ;"Ан-24; Ан-26"
449;ИркутскАВИА;"ЗАО ""Авиакомпания ""ИркутскАВИА""";664009 г.Иркутск, Ширямова,9;Иркутск;Вост.-Сиб. МТУ;Ми-8
5;Кавминводыавиа;"ФГУАП ""КАВМИНВОДЫАВИА""";357205 Ставропольский край, Минеральный Воды-5,а/п;Мин. Воды;Южное МТУ;"Ту-204; Ту-154Б; Ту-154М"
356;Казанское АП;"ОАО ""Казанское авиапредприятие""";420061, Р.Татарстан, г.Казань, ул. П.Лумумбы, 49а;Казань;Татарское МТУ;"Ан-2; Ил-86; Л-410УВП-Э; Ми-2; Ми-8; R-44"
127;Камчатские авиалинии;"ООО авиационная компания ""Камчатские авиалинии""";684007 Елизово,Камчатск.кра й, пр-д Излучина, д.4;Авачинский, П.-Камчатский;Камчатское МТУ;"Ми-2; Ми-8"
455;КАПО Авиа;"ЗАО ""КАПО Авиа""";420036 Р.Татарстан, г.Казань, ул.Дементьева, д.1;Казань, Домодедово;Татарское МТУ;Ил-62М
140;Катэкавиа;"ООО""Производственнокоммерческая фирма"" ""КАТЭКАВИА""";662320 Шарыпово Красноярский край, Аэропорт;Красноярск-Чере;Красноярск. МТУ;Ан-24
340;Кировское АП;"ОАО ""Кировское авиапредприятие""";610009 Россия, г. Киров, аэропорт;Киров;Приволжск. МТУ;"Ан-2; Ми-2"
165;Когалымавиа;"ООО ""Авиакомпания Когалымавиа""";626486 Тюменская обл.,г.Когалым, ул.Авиаторов, а/п;Сургут, Когалым, Домодедово;Приобское МТУ;"Ми-8; Ту-134А; BELL-430;  Ту-154; Ту-154М; А-320; CL-600"
174;Комиавиатранс;"Федеральное гос.унитарное предприятие ""КОМИАВИАТРАНС""";167981 ГСП-1, Р.Коми, г.Сыктывкар, ул.Советская,67;Сыктывкар, Ухта, Печора;Коми МТУ;"Ми-2; Ми-8"
419;Конверс Авиа;"ЗАО ""Авиационная компания Конверс Авиа""";170007,Тверская обл., Калининский р-н, а/п Змеево;Тверь(Змеево);МТУ Центр.район;"Ми-2; Ми-8; Ми-8МТВ"
510;КОНТИНЕНТ;"ОАО ""Авиационная компания ""КОНТИНЕНТ""";101000 Москва, Архангельский пер.д.1/1/9 ст.1А 301;Внуково, Домодедово;МТУ Центр.район;"Ил-76; Ту-154"
338;Корякавиа;"ФГУП ""Корякское авиапредприятие""";688810Камч.кр.Коряк. АО Олюторский р.,ул.Пилота,19;П.-Камчатский;Камчатское МТУ;"Ан-28; Ми-8"
444;Космос;"ЗАО ""Производственное объединение Космос""РКК им.С.П.Королева";109027 Москва,Боровское шоссе,Внуково-3,д.1, ком.1;Внуково;МТУ Центр.район;"Ан-12; Ту-134"
489;Костромское АП   ОАО;"Открытое акционерное общество ""Костромское авиапредприятие""";156012 г.Кострома, ул.Костромская, 120, аэропорт;Кострома;МТУ Центр.район;"Ан-26; Ми-2; Ан-2"
484;КрасАвиа;"Государственное предприятие Красноярского края ""КрасАвиа""";663021,Красн.кр,Емел ьяновский р-н,а/п Черемшанка;Байкит, Тура, Черемшанка;Красноярск. МТУ;"Ан-2; Ан-24; Ан-32; Ми-8; Як-40; Ан-26; Ан-3; Ту-154М; Як-42Д"
467;Летные проверки;"ЗАО ""Летные проверки и системы""";119034,г.Москва, ул.Остоженка, д.30,ст.3;Быково, Хабаровск(Нов);МТУ Центр.район;"Ан-26; Ан-24; Як-40"
525;Летные технологии;"ООО ""Авиакомпания ""Летные технологии""";140150,М.О. п.Быково, ул.Советская, д.19;Быково;МТУ Центр.район;"Ан-24; Ан-26"
239;Летный отряд 223-й;"ФГУ ""Государственая авиакомпания 223 летный отряд""";141100 Московская обл., г.Щелково-10;Чкаловский;ФАВТ;"Ил-62М; Ил-76; Ту-134; Ту-154Б"
529;Летный отряд 224-й;"ОАО ""Государственная авиакомпания ""224 летный отряд""";107014 Москва, Матросская тишина, д.10;Тверь(Мигалово) , Сеща;ФАВТ;"Ан-124; Ил-76"
425;Лукиавиатранс;"ООО ""Лукиавиатранс""";182100 Пск.о.,Великолукский р,д.Максимово;Псков;Сев.-Зап. МТУ;"Ан-2; Ан-26; Ан-30; Ми-2; Ми-8; Ан-30"
469;ЛУКОЙЛ-АВИА ООО;"ООО ""ЛУКОЙЛ-АВИА""";101000, Москва, Сретенский бульвар,11;Шереметьево, Астрахань-Нарим;МТУ Центр.район;"Ми-8; Як-40;Як-42"
25;МАРЗ РОСТО;"ЗАО ""Московский авиационно-ремонтный завод РОСТО""";143921 М.о.,д.Федурново,ул. Авиарембаза,7;Черное, Тверь(Змеево);МТУ Центр.район;"Ми-2; Ми-8Т"
238;Меридиан;"ЗАО Авиакомпания ""Меридиан""";119926,г.Москва, Университетский пр-т, д.9;Внуково;МТУ Центр.район;Ту-134
230;Мирнинское АП;"ЗАО Акционерная компания ""АЛРОСА"" (Мирнинское АП)";678170 Республика Саха(Якутия), г.Мирный, аэропорт;Мирный, Ленск;Саха(Якут.) МТУ;"Ан-2; Ан-24; Ан-26;  Ил-76ТД; Ми-26; Ми-8; Ту-134; Ту-154М; Ми-171;  Ан-38"
389;Московия;"ОАО ""Авиакомпания Московия""";"140182 Жуковский, М.О., ФГУП ""ЛИИ им.М.М.Громова""";Быково, Домодедово;МТУ Центр.район;"Ан-12; Ту-154М"
8;МЧС России ФГУАП;ФГУАП МЧС России;"140180 Россия, МО, г.Жуковский 5, ""Раменское""";Раменское, Домодедово, Сочи;МТУ Центр.район;"Ил-62М;Ил-76;Ка-32; Ми-26; Ми-8; Як-42"
497;Нарьян-Марский ОАО;"ОАО ""Нарьян-Марский ОАО""";166000 Арханг.обл. Ненецкий АО г.Нарьян-Мар,аэропо;Нарьян-Мар;Архангел. МТУ;"Ан-2; Ми-8"
503;Небесный Экспресс;"ЗАО ""Небесный Экспресс""";119027,Москва,ул.Цен тральная, д.2, корп.2;Внуково;МТУ Центр.район;B-737
34;Нефтеюганский ОАО;"ОАО ""Нефтеюганский объединенный авиационный отряд""";628309 Тюменская обл. Х-М АО г.Нефтеюганск,аэропо р;Нефтеюганск;Приобское МТУ;"Ка-32; Ми-8; Ми-26Т; R-44"
470;Нижневартовскавиа;"ОАО ""Нижневартовскавиа""";628613 Ханты-Манс.АО, Нижневартовск,ул.Ави аторов,2;Нижневартовск;Приобское МТУ;Ми-8
475;Нижнеудинское АП;"ОАО ""Нижнеудинское авиапредприятие""";665106 Иркутская обл.Нижнеудинск,Циал ковского 21;Нижнеудинск;Вост.-Сиб. МТУ;"Ан-2; Ми-2; Ми-8.  Действие СЭ Приостановлено"
478;Новосибирск Авиа ОАО;"ОАО ""Новосибирское Авиапредприятие""";630123,Новосибирск, ул.Аэропорт, 2/3;Новосибирск-Сев;Зап.-Сиб. МТУ;"Ан-24; Ан-30"
235;Новосибирский АРЗ;"ОАО ""Новосибирский авиаремонтный завод""";630123 г.Новосибирск-123, Новосибирский АРЗ;Новосибирск-Сев;Зап.-Сиб. МТУ;Ми-8
466;Нордавиа-региональные авиалинии;"ЗАО ""Нордавиа-региональные авиалинии""";163053 Россия, г.Архангельск, аэропорт Талаги;Арханг.-Талаги;Архангел. МТУ;"Ан-24; Ан-26; B-737;"
244;Оренбургские АЛ;"Федр.гос.унитарное предприятие ""Оренбургские авиалинии""";460049 Оренбургская обл., Оренбургский р-н, аэропорт;Оренбург, Домодедово;Приволжск. МТУ;"B-737; Ан-2;Ка-226; Ми-2; Ми-8; Ту-134; Ту-154Б; Ту-154М; B-737; Ту-204-100"
69;ПАНХ ОАО;"ОАО Научно-произ- водствен ная компания ""ПАНХ""";350000 Краснодарский кр.,Краснодар, ул.Кирова, 138;Краснодар;Южное МТУ;"Ан-2; Ка-32; Ми-2; Ми-26Т; Ми-8; Ми-171;  B-3"
330;Петроп.-Камчатско АП;ФГУ Петропавловск-Камчат ское авиационное предприятие;684005 Камчатская кр., г.Елизово, аэропорт;Елизово;Камчатское МТУ;"Ан-26; Л-410УВП-Э;  Як-40"
14;Полет (Воронеж);"ЗАО ""Авиационная компания ""Полет""";309530 Белгородская обл. г. Старый Оскол, аэропорт;Ульяновск-Вост, Воронеж;МТУ Центр.район;"BAe125-700; Ан-124; Ан-24; Ан-30; SAAB 2000; SAAB 340"
538;Полярные авиалинии;ОАО «Авиакомпания «Полярные авиалинии»;677014 Р.Саха(Якутия), г.Якутск, ул. Жуковского 5;Батагай, Нюрба, Тикси, Якутск, Маган;Саха(Якут.) МТУ;"Ан-2;Ан-24; Ан-26; Л-410УВП-Э; Ми-8; Ан-3Т"
465;Псковавиа;"ОАО ""Псковавиа""";180005 Россия, г. Псков, ул. Германа, д. 34;Псков;Сев.-Зап. МТУ;Ан-26
495;Регион-Авиа;"ООО ""Авиакомпания ""Регион-Авиа""";121351 г.Москва, ул.Боженко, д.9, корпус 2;Быково, Домодедово;МТУ Центр.район;"Ан-28; EMB-120ER"
57;Ред Вингс;"ЗАО ""Ред Вингс""";119027 Москва, Заводское шоссе, 19;Внуково;МТУ Центр.район;Ту-204
152;РОСНЕФТЬ- БАЛТИКА;"ЗАО ""РОСНЕФТЬ-БАЛТИКА""";191015 Санкт-Петербург,ул.Ш палерная, д.52;Пулково;Сев.-Зап. МТУ;Ми-8
2;Россия;"ФГУП ""Государственная транспортная компания ""Россия""";196210 г.С-Петербург, ул.Пилотов, д.18, кор.4;Внуково, Пулково;Сев.-Зап. МТУ;"B-767; A-320; Ил-18Д; Ил-62М; Ил-86; Ил-96; Ту-214; Ми-8; A-319; B-737; Як-40; ВK-117; Ан-148"
514;Роствертол-Авиа;"ЗАО ""Авиакомпания ""Роствертол-Авиа""";344038 Ростов-на-Дону, ул.Новаторов, 5;Ростов-на-Дону;Южное МТУ;"Ми-26; Ми-171"
498;РусДжет;"ОАО ""Авиакомпания ""РусДжет""";119027 Москва, Боровское шоссе, д.1, стр.2;Внуково;МТУ Центр.район;"Ту-134; Ми-8; Як-42;  Ми-171"
225;РусЛайн;"ЗАО Авиационная компания ""РусЛайн""";127540 Москва, ул.Дубнинская,д.16,к орп.5, к.216;Шереметьево Внуково;МТУ Центр.район;"Ту-134; Як-40;  CL600-2B19"
61;Русское небо;"ЗАО ""Авиакомпания ""Русское небо""";142015 Моск.обл.Домодед. р-н, Аэропорт Домодедово;Домодедово;МТУ Центр.район;Ил-76ТД
428;РусЭйр;"ЗАО ""Авиационная компания РусЭйр""";125047 Москва, ул.4-я Тверская-Ямская, 2/11, стр.2;Шереметьево;МТУ Центр.район;"Ту-134; Як-40; Як-42Д"
257;Рязаньавиатранс;"ОАО ""Рязанское авиатранспортное предприятие""";390511 Рязанская обл.,Рязанский р-н, п/о Турлатово;Тамбов;МТУ Центр.район;"Ан-2; Ан-24"
102;СарАвиа;"ОАО ""Саратовские авиалинии""";410010 Саратов, ул. Жуковского, 25;Саратов;Приволжск. МТУ;Як-42
486;Сахалин. Авиатрассы;"ОАО ""Авиакомпания ""Сахалинские Авиатрассы""";693015 Сахал.обл. г.Южно-Сахалинск,ул. Горького,50А;Южно-Сахалинск1;Дальневост.МТУ;"Ан-12; Ан-24; B-737;  DHC-8"
473;Свердловское 2-е АП;"ОАО ""Второе Свердловское АП""";620010 Свердлов.о. г.Екатеринбург, аэропорт;Уктус;Уральское МТУ;"Ан-2; Ан-74; Ми-2;  PC-12/47; Ми-8; Як-40;"
520;Сев.-Запад. авиабаза;"Гос.учреждение Р.Карелия ""Сев.-Зап. база авиац.охраны лесов""";185013 Р.Карелия, г.Петрозаводск, ул.Боровая, 4;Петрозаводск(П);Сев.-Зап. МТУ;"Ан-2; Ми-8;"
516;Северный ветер;"ООО ""Северный ветер""";124340 г.Москва, Шереметьевское шоссе, д.2, корп.3;Шереметьево;МТУ Центр.район;B-757
251;СЕВЕРСТАЛЬ;"ООО ""Авиапредприятие ""Северсталь""";162693Вологодская обл.Череповецкий р.п/оБотово а/п;Череповец;Сев.-Зап. МТУ;"Як-40; CL-600; CL-604; BD-100"
99;СИБИА;"ООО ""АВИАКОМПАНИЯ ""СИБИА""";640015 Свердлов.о. Курган, ул.Гагарина,41-в к.319;Курган;Уральское МТУ;"Ан-2; R-44"
31;Сибирь;"ОАО ""Авиакомпания ""Сибирь""";633104 Обь-4 Новосибирская обл., а/п Толмачево;Толмачево;Зап.-Сиб. МТУ;"A-319; A-320; А-310;"
246;СИМАРГЛ;"ООО ""Авиакомпания ""СИМАРГЛ""";357500 г.Пятигорск,ул.Малыг ина, д.5 к.13, к.1202;Нальчик;Южное МТУ;"Ан-2; Ми-2; Ми-8Т"
207;СИРИУС- АЭРО;"ООО Авиакомпания ""Сириус-Аэро""";125047,г.Москва, ул.Чаянова, д.22, стр.4;Внуково;МТУ Центр.район;"BAe125; Ту-134"
502;СкайТест;"ЗАО ""Авиакомпания ""СкайТест""";124575,Москва,Зелено град,корп.904,н.п.IV ,к 1-6,6а;Быково;МТУ Центр.район;Ан-26
228;СКОЛ;"ООО ""Авиакомпания ""СКОЛ""";628400Сургут,Ханты-М .АО,Тюмен.обл.проезд Мунарева4;Черемшанка;Красноярск. МТУ;"Ми-26; Ми-8; Як-40; Ми-171; AS-350В3"
530;СЛО Россия;Федеральное Государственное бюджетное учреждение «Специальный летный отряд «Россия» Управления Делами Президента РФ;119027, Москва, ул. 1-я Рейсовая, д.2;Внуково;ФАВТ;"Ил-62М; Ту-134А; Falcon 7X"
521;Смоленскаэротранс;"ЗАО ""Смоленскаэротранс""";214032,г.Смоленск, ул.Лавочкина, 104;Смоленск;МТУ Центр.район;"Ан-2;  Ми-2"
284;Сокол (Краснодар);"ЗАО Авиакомпания ""Сокол""";350015 Россия, г.Краснодар, ул.Коммунаров, 155;Новотитаровская;Южное МТУ;"Ми-2; Ми-8"
73;СПАРК+;"ЗАО ""Авиакомпания ""СПАРК+""";196210 Санкт-Петербург, ул.Пилотов,12;Пулково;Сев.-Зап. МТУ;"Ми-172; Ми-8; AS-350"
452;Таймыр;"ОАО ""Авиакомпания ""Таймыр""";647000 Красноярский кр., г.Дудинка, ул.Северная 1;Валек, Дудинка, Чита;Красноярск. МТУ;"Ан-2; Ми-8"
487;ТАНТК им.Г.М.Бериева;"ОАО ""Таганрог. авиационный научно-тех.комплекс им.Г.М.Бериева";347923 Ростовская обл.,г.Таганрог, пл.Авиаторов, 1;Таганрог-Южный, Ростов-на-Дону;Южное МТУ;Бе-103
40;ТАТАРСТАН;"ОАО ""Авиакомпания ""Татарстан""";420017 Казань, Республика Татарстан, аэропорт;Казань, Домодедово;Татарское МТУ;"Ил-86; B-737; 154М; Як-42; BD-100-1A10 (CL 300) CL-604"
494;Томск Авиа;"ООО ""Авиакомпания ""Томск Авиа""";634539 Томская обл., Томский р-н, п.Аэропорт;Томск, Колпашево, Стрежевой;Зап.-Сиб. МТУ;"Ан-24; Ан-26; Ми-8"
51;ТРАНСАЭРО;"ОАО ""Авиационная компания ""ТРАНСАЭРО""";191104,С.Петербург,Л итейный пр.,48,Литер А;Домодедово;ФАВТ;"B-767; B-777; B-747; Ту-214 B-737; B-767;"
359;Тулпар Эйр;"ООО ""Авиакомпания ""Тулпар Эйр""";422730 Р.Татарстан, Высокогорский р-н., ст.Куркачи;Казань;Татарское МТУ;"Ми-2; Ми-8; Як-40; Як-42"
90;ТУРУХАН;"ООО Авиакомпания ""Турухан""";663231, Туруханск, Красноярский кр.,ул.Портовая 1;Туруханск;Красноярск. МТУ;Ми-8
144;Ульяновское ВАУ ГА;"ФГОУ ВПО ""Ульяновское высшее  авиац.училище ГА(институт)""";432071 Ульяновск, ул. Можайского, 8/8;Ульяновск-Барат;Приволжск. МТУ;"Ту-154Б; Ту-154М; Як-40"
462;Урайавиа;"Открытое акционерное общество ""Урайавиа""";628284 Тюменская обл.Х-Манс АО,г.Урай а/п;Урай;Приобское МТУ;Ми-8
18;Уральские авиалинии;"ОАО Авиакомпания ""Уральские авиалинии""";620910, Свердловская.о.Екате ринбург,ул.Спутников ,6;Кольцово;Уральское МТУ;"Ан-24; А-320; Ил-86 Ту-154Б; Ту-154М;  A-321"
229;Уфимские Авиалинии;"ЗАО Авиационная компания ""Уфимские авиационные линии""";450001 Уфа, Р. Башкортостан, ул. Кировоградская,42;Уфа;Приволжск. МТУ;"Ан-2; Ка-26; R-44; ВК-117С-1"
459;Хабаровские АЛ;"Краевое  гос. унитарное предприятие ""Хабаровские авиалинии""";682460 Хабаровский кр., г.Николаевск-на-Амур е, а/п;Николаевск, Хабаровск (Новый);Дальневост.МТУ;"Ан-24; Ан-26; Ми-8; Як-40; Ан-12"
169;ЦЕНТР-ЮГ;"ООО ""Авиакомпания ""ЦЕНТР-ЮГ""";306120Белг.о.Яковлев скийРн,п.Строитель,П рирельсовы;Белгород;МТУ Центр.район;"Ту-134; Як-40"
108;ЧукотАВИА;"ФГУП ""ЧукотАВИА""";689503 Чукотский АО,п.Угольные Копи ул.Портовая, 6;Анадырь-Угольн.;Сев.-Вост. МТУ;"Ан-24; Ан-26; Ми-8; Ан-3"
208;ШАР инк ЛТД;"ООО""Производств. многоотраслевая авиакомпания""Шар инк ЛТД.""";117342 Москва, ул.Бутлерова, д.40;Остафьево;МТУ Центр.район;Ан-74
501;ЭйрБриджКарго;"ООО ""Авиакомпания ЭйрБриджКарго""";119048 г.Москва, ул.Усачева, д.35А;Шереметьево-2;МТУ Центр.район;B-747
506;Юг-Лайн;"ООО Авиакомпания ""Юг-Лайн""";353681,г.Ейск, ул.К.Либкнехта, 206, аэропорт;Ейск;Южное МТУ;Ан-2
53;ЮТэйр-Карго;"ЗАО ""ЮТэйр-Карго""";626020,Тюменская обл, с.Нижняя Тавда, ул.Кирова 26;Рощино;Приобское МТУ;"Ан-2; Ан-26; Ан-74;"
504;ЮТэйр-Экспресс;"ООО ""ЮТэйр-Экспресс""";167982 Р.Коми, г.Сыктывкар, ул. Первомай-ская 70;Сыктывкар, Уфа, Сургут;Коми МТУ;"Ан-24; Ан-26; Ту-134; L-410UVP-E20"
ЮТэйр;"ОАО ""Авиакомпания ""ЮТэйр""";628012Тюменская обл.,Х.-М.АО,г.Ханты -Мансийск,а/п;Березово, Внуково, Тазовский, Рощино, Плеханово, Ноябрьск (Ясный) , Сургут, Сыктывкар, Ханты-Мансийск;Приобское МТУ;"Ан-2; ATR-42; BO-105; Ми-10; Ми-26; Ми-8; AS-355N; Ту-134; B-737; Ту-154М; Як-40; Ми-171; ATR-72; GulfstV-SP; CL-600-2B19(CRJ-200); В-757";6
241;ЯК-СЕРВИС;"ЗАО ""Авиационная компания ""ЯК СЕРВИС""";125009 Москва, ул.Тверская,д.10,стр .1;Внуково, Быково;МТУ Центр.район;"Як-40; Як-42"
464;Якутия;"ОАО  Авиакомпания ""Якутия""";677014, Якутск, ул.Быковского, д.9;Якутск, Внуково, Пашковский;Саха(Якут.) МТУ;"Ан-24; B-757; Ан-26; Ан-140 Ту-154М"
142;Ямал;"ОАО ""Авиационная транспортная компания ""Ямал""";629004 Ямало-НенецАО г.Салехард, ул.Авиационная 27;Салехард, Рощино;Приобское МТУ;"Ан-24; Ми-8; EC-135T; Ту-134; B-737; Як-40; Ан-26"
Ямал;"ОАО ""Авиационная транспортная компания ""Ямал""";629004 Ямало-Ненецкий АО г.Салехард, ул.Авиационная 27;Салехард, Рощино;Приобское МТУ;"Ан-24; Ту-134; B-737; Як-40; Ан-26";1
