Управление;Реестровый номер;Номер сертификата соответствия аэропорта;Наименование юридического лица;Наименование аэропорта
;1;ФАВТ А.01150   14.04.08-14.04.11;ОАО «Аэропорт Внуково»;Москва   (Внуково)
;2;ФАВТ А.01243   05.06.08-05.06.11;ОАО «Международный аэропорт Шереметьево»;Москва   (Шереметьево)
;3;ФАВТ А.01733   11.03.10-11.03.13;ОАО «Аэропорт Астрахань»;Астрахань   (Нариманово)
;4;ФАВТ А.01722   18.02.10-28.02.13;ОАО «Аэропорт Ростов-на-Дону»;Ростов-на-Дону
;5;ФАВТ А.01799   29.04.10-29.04.13;ООО «Воздушные Ворота Северной Столицы»;Санкт-Петербург (Пулково)
;6;ФАВТ А.01280   09.07.08-09.07.11;ОАО «Челябинское авиапредприятие»;Челябинск   (Баландино)
;8;ФАВТ А.00909   25.09.07-25.09.10;ОАО «Аэропорт Толмачево»;Новосибирск (Толмачево)
;9;ФАВТ А.01073   15.02.08-15.02.11;ОАО «Международный аэропорт Волгоград»;Волгоград   (Гумрак)
;10;ФАВТ А.01030   10.12.07-29.11.10;ОАО «Аэропорт Рощино»; Тюмень   (Рощино)
;11;ФАВТ А.01468   17.02.09-16.07.10;ОАО «Международный аэропорт «Уфа»;Уфа
;12;ФАВТ А.01614   17.11.09-17.11.12;ОАО «Аэропорт Кольцово»;Екатеринбург (Кольцово)
;13;ФАВТ А.01604   10.11.09-10.11.12    ;ОАО «Международный аэропорт Нижний Новгород»;Нижний Новгород (Стригино)
;14;ФАВТ А.00938   19.10.07-19.10.10;ФГУП «Аэропорт Южно-Сахалинск»;Южно-Сахалинск   (Хомутово)
;15;ФАВТ А.01686   11.01.10-11.01.13;ОАО «Аэропорт Анапа»;Анапа   (Витязево)
;16;ФАВТ А.01654   24.12.09-24.12.12;ФГУП «Аэропорт Иркутск»;Иркутск
;17;ФАВТ А.01745   17.03.10-17.03.13;ОАО «Международный аэропорт Краснодар»;Краснодар (Пашковский)
;18;ФАВТ А.01184   29.04.08-29.04.11;ЗАО «Международный аэропорт Домодедово»;Москва   (Домодедово)
;20;ФАВТ А.00838   13.07.07-13.07.10;ОАО «Аэропорт Чита»;Чита           (Кадала)
;21;ФАВТ А.01301   08.08.08-08.08.11;ФГУП «КОМИАВИАТРАНС»;Сыктывкар
;22;ФАВТ А.01419   29.10.08-29.10.11;ОАО «ХАБАРОВСКИЙ АЭРОПОРТ»;Хабаровск   (Новый)
;23;ФАВТ А.01552   25.09.09-25.09.12;ОАО «Аэропорт Сургут»;Ноябрьск
;24;ФАВТ А.00879   24.08.07-24.08.10;ФГУАП «КАВМИНВОДЫАВИА»;Минеральные Воды    
;25;ФАВТ А.00842   19.07.07-19.07.10;ФГУАП «Оренбургские авиалинии»;Оренбург   (Центральный)
;26;ФАВТ А.01067   12.02.08-12.02.11;ОАО «Международный аэропорт Сочи»;Сочи
;27;ФАВТ А.01844   01.06.10-01.06.13;ОАО «Международный аэропорт Владивосток»;Владивосток   (Кневичи)
;28;ФАВТ А.00899   14.09.07-14.09.10;ОАО «Международный аэропорт Казань»;Казань
;29;ФАВТ А.01518   09.07.09-09.07.12;ОАО «Аэропорт Емельяново»;Красноярск (Емельяново)
;30; ФАВТ А.01774   09.04.10-09.04.13;ФГУП «Аэропорт Магадан»;Магадан
;32;ФАВТ А.01206   19.05.08-19.05.11;ФГУП «Магнитогорское авиапредприятие»;Магнитогорск
;33;ФАВТ А.01299   05.08.08-05.08.11;ОАО «Аэропорт Мурманск»;Мурманск
;34;ФАВТ А.00929   11.10.07-11.10.10;ООО «Международный аэропорт Когалым»;Когалым
;35;ФАВТ А.01734   11.03.10-11.03.13;ОАО «Аэропорт Абакан»;Абакан
;36;ФАВТ А.01214   22.05.08-22.05.11;ОАО «Омский аэропорт»;Омск (Центральный)
;37;ФАВТ А.01759   25.03.10-25.03.13;ГУП «Аэропорт Якутск»;Якутск
;38;ФАВТ А.01781   15.04.10-15.04.13;ООО «АЭРОКУЗБАСС»;Новокузнецк
;39;ФАВТ А.01410   21.10.08-14.06.11;ООО «Аэропорт Быково»;Москва   (Быково)
;40;ФАВТ А.01760   01.04.10-01.04.13;ООО «Аэропорт ТОМСК»;Томск   (Богашево )
;41;ФАВТ А.001849   03.06.10-03.06.13;ОАО «Саратовские авиалинии»;Саратов
;42;ФАВТ А.01816   19.05.10-19.05.13;ОАО «Авиационное предприятие «Алтай»;Барнаул имени Германа Степановича Титова
;43;ФАВТ А.00882   27.08.07-27.08.10;ОАО «Аэропорт Архангельск»;Архангельск   (Талаги)
;44;ФАВТ А.01555   29.09.09-29.09.12;ОАО «Аэропорт Братск»;Братск
;45;ФАВТ А.01284   11.07.08 - 12.07.11;ФГУП «ЧукотАВИА»    ;Анадырь
;46;ФАВТ А.01571   07.10.09-07.10.12;ОАО Авиакомпания «Воронежавиа»;Воронеж (Чертовицкое)    
;47;ФАВТ А.001702   02.02.10-02.02.13;ОАО «АЭРОПОРТ «БЕГИШЕВО»;Нижнекамск (Бегишево)
;49;ФАВТ А.01704   02.02.10-02.02.13;ОАО «Нижневартовскавиа»;Нижневартовск
;50;ФАВТ А.01448   23.12.08-06.02.11;ООО «Алыкель»;Норильск
;51;ФАВТ А.00844   23.07.07-23.07.10;МУП «Аэропорт Орск»;Орск
;52;ФАВТ А.00834   10.07.07-10.07.10;ООО Авиапредприятие «ГАЗПРОМАВИА»;Остафьево
;54;ФАВТ А.01123   28.03.08-28.03.11;ОАО «Международный аэропорт Улан-Удэ»;Улан-Удэ
;55;ФАВТ А.01638   09.12.09-09.12.12;ООО «Юграавиа»;Ханты-Мансийск
;56;ФАВТ А.01737   11.03.10-11.03.13;ОАО «Чебоксарское авиапредприятие»;Чебоксары
;57;ФАВТ А.01728   04.03.10-04.03.13;ОАО «Аэропорт Туношна»;Ярославль (Туношна)
;58;ФАВТ А.01789   21.04.10-21.04.13;ОАО «Белгородское авиапредприятие»;Белгород
;59;ФАВТ А.01761   01.04.10-01.04.13;ГУП Амурской области «Аэропорт Благовещенск»;Благовещенск
;60;ФАВТ А.01599   05.11.09-05.11.12;ОАО «Владикавказское авиапредприятие»;Владикавказ
;61;ФАВТ А.01719   15.02.10-15.02.13;ЗАО «Аэропорт «Храброво»;Калининград   (Храброво)
;62;ФАВТ А.00880   24.08.07-24.08.10;ООО «Международный аэропорт Кемерово»;Кемерово
;63;ФАВТ ЮЖ.А.00002   27.03.09-27.03.12;ФГУП «Вайнахавиа»;Грозный
;64;ФАВТ А.01473   04.03.09-04.03.12;ОАО «Авиалинии Дагестана»;Махачкала
;67;ФАВТ А.01798   28.04.10-28.04.13;ФГУП «Пермские авиалинии»;Пермь   (Большое Савино)
;71;ФАВТ А.01713   05.02.10 -05.02.13;ОАО «Аэропорт Элиста»;Элиста
;73;   ФАВТ А.01504   08.05.09 -08.05.12;ОАО «Международный аэропорт «Брянск»;Брянск
;80;ФАВТ А.01773   09.04.10-09.04.13;Филиал ФГУП «Чукотавиа»;Провидения
;19;ФАВТ А.00841   19.07.07-19.07.10;ОАО «Аэропорт Сургут»;Сургут
;48;ФАВТ А.01015   21.12.07-21.12.10;ФГУП «Эльбрус-Авиа»;Нальчик
;7;ФАВТ А.01006   19.12.07-19.12.10;ОАО «Международный аэропорт «Курумоч»;Самара
;31;ФАВТ А.01138   09.04.08-09.04.11;ФГУ «Петропавловск-Камчатское авиационное предприятие»;Петропавловск-Камчатский   (Елизово)
;78;ФАВТ А.01055   31.01.08-31.01.11;ФГУАП «КАВМИНВОДЫАВИА»;Ставрополь   (Шпаковское)    
;74;ФАВТ А.01250   07.06.08-07.06.11;ОАО «Авиационное предприятие «Золотое кольцо»;Иваново
;77;ФАВТ А.01236   30.05.08-30.05.11;ФГУП «КОМИАВИАТРАНС»;Воркута
;72;ФАВТ А.01332   15.08.08-15.08.11;ОАО «Аэропорт Ульяновск»;Ульяновск (Баратаевка)
;53;ФАВТ А.01344   19.08.08-19.08.11;Обособленное структурное подразделение «Международный аэропорт «Ульяновск-Восточный» ЗАО «Авиастар-СП»;Ульяновск   (Восточный)
;75;ФАВТ А.01465   09.02.09-09.02.12;Казенное предприятие Курской области «Курскаэропорт»;Курск   (Восточный)
;65;ФАВТ А.01481   30.03.09-30.03.12;Филиал ФГУП «Чукотавиа»;Певек
;68;ФАВТ А.01499   06.04.09-06.04.12;ОАО «Псковавиа»;    Псков
Архангельское;1.АР;№ ФАВТ АР.А.00036;ОАО «2-ой Архангельский объединенный авиаотряд»;Архангельск   (Васьково)
Архангельское;2.АР;№ ФАВТ АР.А.00022;ОАО «Нарьян-Марский объединенный авиаотряд»;Нарьян-Мар
Архангельское;3.АР;№ ФАВТ АР.А.00001;ОАО «Авиакомпания «Трансавиа-Гарантия»;Котлас
Архангельское;4.АР;№ ФАВТ АР.А.00004;ОАО «Аэропорт «Лешуконское»;Лешуконское
Архангельское;5.АР;№ ФАВТ АР.А.00006;ФГУП «Аэропорт Амдерма»;Амдерма
Архангельское;6.АР;№ ФАВТ АР.А.00015;ООО «ЮТэйр-Экспресс»;Варандей
Архангельское;7.АР;№ ФАВТ АР.А.00016;ОАО «2-ой Архангельский объединенный авиаотряд»;Соловки
Восточно-Сибирское;01. ВС;ФАВТ СБ А.00189;ЗАО «Ленсиб»;Бодайбо    
Восточно-Сибирское;02. ВС;ФАВТ СБ А.00328;ООО «Киренск-авиа»;Киренск    
Восточно-Сибирское;03. ВС;ФАВТ СБ А.00256;ОАО «Аэропорты МВЛ  Бурятии»;Нижнеангарск
Восточно-Сибирское;04. ВС;ФАВТ СБ А.00257;ОАО «Аэропорты МВЛ  Бурятии»;Таксимо
Восточно-Сибирское;05. ВС;ФАВТ СБ А.00154;ОАО «Нижнеудинское    авиапредприятие»;Нижнеудинск
Восточно-Сибирское;06. ВС;ФАВТ СБ А.00064;ОАО «Аэропорт Усть-Кут»;Усть-Кут    
Восточно-Сибирское;07. ВС;ФАВТ ВС А.00003;ОАО «Авиакомпания «Даурия»;Чара    
Восточно-Сибирское;08. ВС;ФАВТ ВС А.00019;ООО «Мамский аэропорт»;Мама
Дальневосточное;4.ДВ;ФАВТ ДВ.А.00422;КГУП «Хабаровские авиалинии»;Аян
Дальневосточное;8.ДВ;ФАВТ ДВ.А.00352;КГУП «Хабаровские авиалинии»;Богородское
Дальневосточное;16.ДВ;ФАВТ ДВ.А.00427;ГУ Амурской области «Аэропорты МВЛ»;Зея
Дальневосточное;17.ДВ;ФАВТ ДВ.А.00252;ОАО «Авиапредприятие «Зональное»;Зональное
Дальневосточное;19.ДВ;ФАВТ ДВ.А.00342;МАУП «Аэропорт»;Кавалерово
Дальневосточное;21.ДВ;ФАВТ ДВ.А.00373;ОАО «Комсомольский аэропорт»;Комсомольск-на-Амуре
Дальневосточное;32.ДВ;ФАВТ ДВ.А.00275;КГУП «Хабаровские авиалинии»;Николаевск-на-Амуре
Дальневосточное;41.ДВ;ФАВТ ДВ.А.00256;ОАО «Сахалинский аэропорт Оха»;Оха
Дальневосточное;42.ДВ;ФАВТ ДВ.А.00276;КГУП «Хабаровские авиалинии»;Охотск
Дальневосточное;46.ДВ;ФАВТ ДВ.А.00278;ОАО «Авиакомпания «Восток»;Полины Осипенко
Дальневосточное;54.ДВ;ФАВТ ДВ.А.00416;МУП «Аэропорт Советская Гавань»;Советская Гавань
Дальневосточное;64.ДВ;ФАВТ ДВ.А.00277;ОАО «Авиакомпания «Восток»;Хабаровск МВЛ
Дальневосточное;66.ДВ;ФАВТ ДВ.А.00424;КГУП «Хабаровские авиалинии»;Херпучи
Дальневосточное;70.ДВ;ФАВТ ДВ.А.00423;КГУП «Хабаровские авиалинии»;Чумикан
Дальневосточное;71.ДВ;ФАВТ ДВ.А.00353;ОАО «Аэропорт Шахтерск»;Шахтерск
Дальневосточное;72.ДВ;ФАВТ ДВ.А.00429;ГУ Амурской области «Аэропорты МВЛ»;Экимчан
Дальневосточное;74.ДВ;ФАВТ ДВ.А.00257;ГУП «Аэропорт Южно-Курильск»;Южно-Курильск
Дальневосточное;75.ДВ;ФАВТ ДВ.А.00370;МАП «Буревестник»;Буревестник
Дальневосточное;76.ДВ;ФАВТ ДВ.А.00405;Артель старателей «Восток» в форме производственного кооператива;Киран
Дальневосточное;77.ДВ;ФАВТ ДВ.А.00464;ОАО «Аэропорт Ноглики»;Ноглики
Дальневосточное;78.ДВ;ФАВТ ДВ.А.00478;ОАО «АС «Амур»;Нелькан
Дальневосточное;79.ДВ;ФАВТ ДВ.А.00428;ГУ Амурской области «Аэропорты МВЛ»;Тында
Дальневосточное;80.ДВ;ФАВТ ДВ.А.00480;МУАП «Пластун Авиа»;Пластун
Западно-Сибирское;4.ЗС    ;ФАВТ ЗС.А.00008       до 22.12.2010;ОАО «Омский аэропорт»;Тара
Западно-Сибирское;7.ЗС    ;ФАВТ ЗС.А.00055    до 08.04.2011;ОАО «Новосибирское авиапредприятие»;Новосибирск (Северный)
Западно-Сибирское;9.ЗС    ;ФАВТ ЗС.А.00009    до 02.02.2012;ООО «Аэропорт Стрежевой»;Стрежевой
Западно-Сибирское;10.ЗС    ;ФАВТ ЗС.А.00032     До 19.08.2011;ОАО «Аэропорт   Горно-Алтайск»;Горно-Алтайск
Западно-Сибирское;11.ЗС    ;ФАВТ ЗС.А.00010     до 02.02.2012;ООО «Аэропорт Стрежевой»;Пионерный
Камчатское;029.ДВ;ФАВТ ДВ.А.00029   11.05.10-11.05.13;ООО АК «Камчатские авиалинии;Авачинский
Камчатское;030.ДВ;ФАВТ ДВ.А.00030   11.05.10-11.05.13;ООО АК «Камчатские авиалинии;Эссо
Камчатское;003.КЧ;ФАВТ КЧ.А.00003   15.05.09-12.05.12;МУП Усть-Хайрюзовский аэропорт «Чайка»;Усть-Хайрюзово
Камчатское;012.КЧ;ФАВТ КЧ.А.00012   02.10.09-02.10.12;ФГУ Петропавловск-Камчатское авиапредприятие;Мильково
Камчатское;013.КЧ;ФАВТ КЧ.А.00013   02.10.09-02.10.12;ФГУ Петропавловск-Камчатское авиапредприятие;Никольское
Камчатское;014.КЧ;ФАВТ КЧ.А.00014   02.10.09-02.10.12;ФГУ Петропавловск-Камчатское авиапредприятие;Озерная
Камчатское;015.КЧ;ФАВТ КЧ.А.00015   02.10.09-02.10.12;ФГУ Петропавловск-Камчатское авиапредприятие;Соболево
Камчатское;016.КЧ;ФАВТ КЧ.А.00016   02.10.09-02.10.12;ФГУ Петропавловск-Камчатское авиапредприятие;Усть-Камчатск
Коми;10.КМ;ФАВТ КМ.А.00003;ФГУП «Комиавиатранс»;Ухта
Коми;11.КМ;ФАВТ КМ.А.00010;ФГУП «Комиавиатранс»;Печора
Коми;12.КМ;ФАВТ КМ.А.00009;ФГУП «Комиавиатранс»;Усинск
Коми;13.КМ;ФАВТ КМ.А.00024;ФГУП «Комиавиатранс»;Усть-Цильма
Красноярское;1.КР;ФАВТ СБ.А.00324   до 27.11.11г.;ГП КК «Крас Авиа»;Байкит
Красноярское;2.КР;ФАВТ СБ.А.00326   до 27.11.11г.;ГП КК «Крас Авиа»;Тура-МВЛ
Красноярское;4.КР;ФАВТ КР.А.00023   до 25.05.12;ООО «Аэропорт Ачинск»;Ачинск
Красноярское;5.КР;ФАВТ СБ.А.00080   до 14.01.13г.;ФГУП «Авиапредприятие   Черемшанка»;Черемшанка
Красноярское;6.КР;ФАВТ СБ.А.00049   до 26.09.10г.;ОАО «Авиакомпания Таймыр»;Валек
Красноярское;7.КР;ФАВТ СБ.А.00050   до 26.09.10г.;ОАО «Авиакомпания Таймыр»;Дудинка
Красноярское;8.КР;ФАВТ СБ.А.00325   до 27.11.11г.;ГП КК «Крас Авиа»;Тура-Горный
Красноярское;10.КР;ФАВТ КР.А.00025   до 16.06.12;ГП КК «Крас Авиа»;Ванавара
Красноярское;11.КР;ФАВТ КР.А.00026   до 19.06.12;ФГУП «Авиапредприятие Черемшанка»;Северо-Енисейск
Красноярское;12.КР;ФАВТ КР.А.00040   до 03.09.12;ФГУП «Туруханское авиапредприятие»;Туруханск
Красноярское;13.КР;ФАВТ КР.А.00066   до 30.11.12;ФГУП «Авиапредприятие Черемшанка»;Мотыгино
Красноярское;14.КР;ФАВТ КР.А.00067   до 03.11.12;ФГУП «Авиапредприятие Черемшанка»;Богучаны
Красноярское;15.КР;ФАВТ КР.А.00073   до 09.12.12;ФГУП «Туруханское авиапредприятие»;Подкаменная Тунгуска
Красноярское;16.КР;ФАВТ КР.А.00088   до 03.01.11;МП «Ярцевские авиационные перевозки»;Ярцево
Красноярское;17.КР;ФАВТ КР.А.00089   до 29.01.13;ГП КК «КрасАвиа»;Енисейск
Красноярское;18.КР;ФАВТ КР.А.00102   до 05.05.13;ФГУП «Авиапредприятие Черемшанка»;Кодинск
Приволжское;1.ПР;ФАВТ ПР.А.00021   12.04.2010г.-12.04.2013г.;ОАО «Кировское авиапредприятие»;Киров
Приволжское;2.ПР;ФАВТ ПР.А.00022   22.04.2010г.-22.04.2013г.;ОАО «Авиалинии Мордовии»;Саранск
Приволжское;3.ПР;ФАВТ ПР.А.00030   01.06.2010г.-01.06.2013г.;ОАО «Ижавиа»;Ижевск
Саха;    10.СХ;ФАВТ СХ.А.00010        До 04.05.2012;АК «АЛРОСА» (ЗАО) Мирнинское авиапредприятие;Айхал
Саха;1.СХ;ФАВТ ДВ.А.00477      До 01.10.2011;ФКП «Аэропорты Севера»;Алдан
Саха;    11.СХ;ФАВТ ДВ.А.00474       До 09.09.2011;ФКП «Аэропорты Севера»»;Батагай
Саха;    13.СХ;ФАВТ СХ.А.00009       До 29.04.2012;ФКП «Аэропорты Севера»;Белая Гора
Саха;    12.СХ;ФАВТ СХ.А.00007      До 29.04.2012;ФКП «Аэропорты Севера»;Верхневилюйск
Саха;    2.СХ;ФАВТ СХ.А.00006      До 29.04.2012;ФКП «Аэропорты Севера»;Вилюйск
Саха;    31.СХ;ФАВТ ДВ.А.00475       До 16.09.2011;АК «АЛРОСА» (ЗАО) Мирнинское авиапредприятие;Витим
Саха;    21.СХ;ФАВТ СХ.А.00003       До 06.03.2012;ФКП «Аэропорты Севера»;Депутатский
Саха;    29.СХ;ФАВТ СХ.А.00014       До 26.05.2012;ФКП «Аэропорты Севера»;Жиганск
Саха;    14.СХ;ФАВТ ДВ.А.00479       До 28.11.2011    ;ФКП «Аэропорты Севера»;Зырянка
Саха;    30.СХ;ФАВТ ДВ.А.00390        До 12.12.2010    ;АК «АЛРОСА» (ЗАО) Мирнинское авиапредприятие;Ленск
Саха;    15.СХ;ФАВТ ДВ.А.00467        До 18.07.2011;ФКП «Аэропорты Севера»;Маган
Саха;    6.СХ;ФАВТ ДВ.А.00212       До 10.11.2010;АК «АЛРОСА» (ЗАО) Мирнинское авиапредприятие;Мирный
Саха;    24.СХ;ФАВТ СХ.А.00008        До 29.04.2012    ;ФКП «Аэропорты Севера»;Мома
Саха;4.СХ;ФАВТ ДВ.А.00468       До 18.07.2011;ФКП «Аэропорты Севера»;Нерюнгри
Саха;    27.СХ;ФАВТ ДВ.А.00426        До 28.11.2011    ;ФКП «Аэропорты Севера»;    Нюрба
Саха;    16.СХ;ФАВТ ДВ.А.00466        До 11.07.2011;ФКП «Аэропорты Севера»;    Олекминск    
Саха;    26.СХ;ФАВТ СХ.А.00020         До 01.07.2012;АК «АЛРОСА» (ЗАО) Мирнинское авиапредприятие;Оленек
Саха;    7.СХ;ФАВТ ДВ.А.00420          До 31.08.2010    ;АК «АЛРОСА» (ЗАО) Мирнинское авиапредприятие;    Полярный
Саха;    25.СХ;ФАВТ СХ.А.00019           До 01.07.2012    ;АК «АЛРОСА» (ЗАО) Мирнинское авиапредприятие;    Саскылах
Саха;    32.СХ;ФАВТ СХ.А.00016          До 28.05.2012;ФКП «Аэропорты Севера»;    Саккырыр
Саха;    17.СХ;ФАВТ СХ.А.00017         До 28.05.2012;ФКП «Аэропорты Севера»;    Сангар
Саха;    18.СХ;ФАВТ СХ.А.00002        До 28.05.2012    ;ФКП «Аэропорты Севера»;    Среднеколымск
Саха;    28.СХ;ФАВТ СХ.А.00005        До 29.04.2012;ФКП «Аэропорты Севера»;    Сунтар
Саха;    22.СХ;ФАВТ СХ.А.00015        До 26.05.2012;ФКП «Аэропорты Севера»;    Усть-Куйга
Саха;    20.СХ;ФАВТ ДВ.А.00469        До 18.07.2011;ФКП «Аэропорты Севера»;    Усть-Мая
Саха;    23.СХ;ФАВТ СХ.А.00013          До 26.05.2012;ФКП «Аэропорты Севера»;    Усть-Нера
Саха;    19.СХ;ФАВТ СХ.А.00012          До 05.05.2012;ФКП «Аэропорты Севера»;    Хандыга
Саха;    9.СХ;ФАВТ СХ.А.00004         До 30.03.2012;ФКП «Аэропорты Севера»;    Черский
Саха;    5.СХ;ФАВТ СХ.А.00011         До 05.05.2012;ФКП «Аэропорты Севера»;    Чокурдах
Северо-Восточное;1.А-08.СВ;ФАВТ СВ.А.00001;ФГУП «ЧукотАВИА»;Беринговский
Северо-Восточное;2.А-08.СВ;ФАВТ СВ.А.00002;ФГУП «ЧукотАВИА»;Залив Креста
Северо-Восточное;3.А-08.СВ;ФАВТ СВ.А.00003;ФГУП «ЧукотАВИА»;Кепервеем
Северо-Восточное;4.А-08.СВ;ФАВТ СВ.А.00004;ФГУП «ЧукотАВИА»;Марково
Северо-Восточное;5.А-08.СВ;ФАВТ СВ.А.00005;ООО «AD REM»;Омсукчан
Северо-Восточное;6.А-08.СВ;ФАВТ СВ.А.00006;Администрация Магаданской области ОГУ;Сеймчан
Северо-Восточное;7.А-08.СВ;ФАВТ СВ.А.00007;Администрация Магаданской области ОГУП;Северо-Эвенск
Северо-Восточное;8.А-09.СВ;ФАВТ СВ.А.00008;ФГУП «ЧукотАВИА»; Лаврентия
Северо-Восточное;9.А-09.СВ;ФАВТ СВ.А.00009;ФГУП «ЧукотАВИА»;Мыс Шмидта
Северо-Восточное;10.А-08.ДВ;ФАВТ ДВ.А.00425;ФГУП «ЧукотАВИА»;Омолон
Северо-Восточное;11.А-09.СВ;ФАВТ СВ.А.00010;ЗАО «Чукотская горно-геологическая компания»;Купол
Северо-Западное;1.СЗ;ФАВТ СЗ.А.00025   до 31 марта 2013 года;ОАО «Аэропорт»;Апатиты   (Хибины)
Северо-Западное;8.СЗ;ФАВТ СЗ.А. 00015   до 22 января 2013 года;ГУ РК «Северо-Западная база авиационной охраны лесов»;Петрозаводск   (Пески)
Северо-Западное;5.СЗ;ФАВТ СЗ.А.00116   до 27 февраля 2011 года;ОАО «Вологодское авиационное предприятие»;Вологда
Северо-Западное;3.СЗ;ФАВТ СЗ.А. 00114   до 25 января 2011 года;ОАО «Вологодское авиационное предприятие»;Вытегра
Северо-Западное;4.СЗ;ФАВТ СЗ.А. 00115   до 25 января 2011 года;ОАО «Вологодское авиационное предприятие»;Кичменгский Городок
Северо-Западное;14.СЗ;ФАВТ СЗ.А. 00160   до 22 октября 2011 года;ОАО «Карельский окатыш»;Костомукша
Северо-Западное;2.СЗ;ФАВТ СЗ.А. 00113   до 25 января 2011 года;ОАО «Вологодское авиационное предприятие»;Великий Устюг
Северо-Западное;6.СЗ;ФАВТ СЗ.А. 00102   до 20 августа 2010 года;ООО «Авиапредприятие «Северсталь»;Череповец
Татарское;1.ТТ;ФАВТ ТТ.А.00002;ОАО «АК БАРС АЭРО»;Бугульма
Татарское;2.ТТ;ФАВТ ТТ.А.00001;Государственное учреждение Республики Марий Эл «Аэропорт Йошкар-Ола»;Йошкар-Ола
Тюменское;1.ТЮ;ФАВТ УР.А.00164;Открытое акционерное общество «Аэропорт Белоярский»;Аэропорт   БЕЛОЯРСКИЙ
Тюменское;2.ТЮ;ФАВТ ТЮ.А.00059;Открытое акционерное общество «Аэропорт Сургут» ;Аэропорт   БЕРЕЗОВО   
Тюменское;3.ТЮ;ФАВТ ТЮ.А.00071;Открытое акционерное общество «Аэропорт Сургут» ;Аэропорт   ИГРИМ 
Тюменское;15.ТЮ;ФАВТ ТЮ.А.00001;Закрытое акционерное общество «Кондаавиа» ;Аэропорт   КОНДИНСКОЕ
Тюменское;4.ТЮ;ФАВТ УР.А.00182;Муниципальное унитарное предприятие «Аэропорты Мангазеи»;Аэропорт   КРАСНОСЕЛЬКУП
Тюменское;5.ТЮ;ФАВТ ТЮ.А.00072;Открытое акционерное общество «Аэропорт Сургут»;Аэропорт   МЫС КАМЕННЫЙ
Тюменское;6.ТЮ;ФАВТ ТЮ.А.00035;Открытое акционерное общество «Надымское авиапредприятие»;Аэропорт   НАДЫМ
Тюменское;7.ТЮ;ФАВТ ТЮ.А.00065;Открытое акционерное общество «Новоуренгойский объединенный авиаотряд»;Аэропорт   НОВЫЙ УРЕНГОЙ
Тюменское;8.ТЮ;ФАВТ УР.А.00136;Открытое акционерное общество «Аэропорт Нягань»;Аэропорт   НЯГАНЬ
Тюменское;9.ТЮ;ФАВТ ТЮ.А.00078;Открытое акционерное общество «Аэропорт Салехард»;Аэропорт   САЛЕХАРД
Тюменское;10. ТЮ;ФАВТ УР.А.00139;Общество с ограниченной ответственностью «Аэропорт Советский»;Аэропорт   СОВЕТСКИЙ 
Тюменское;11. ТЮ;ФАВТ УР.А.00184;Муниципальное унитарное предприятие «Аэропорт Тарко – Сале»;Аэропорт   ТАРКО - САЛЕ
Тюменское;12. ТЮ;ФАВТ УР.А.00183;Муниципальное унитарное предприятие «Аэропорты Мангазеи»;Аэропорт   ТОЛЬКА
Тюменское;13. ТЮ;ФАВТ УР.А.00185;Муниципальное унитарное предприятие «Аэропорт Тарко – Сале»;Аэропорт   УРЕНГОЙ 
Тюменское;14. ТЮ;ФАВТ УР.А.00111;Общество с ограниченной ответственностью авиапредприятие «Газпром авиа»;Аэропорт   ЯМБУРГ 
Тюменское;16.ТЮ;ФАВТ.ТЮ.А.00073;Открытое акционерное общество «Аэропорт Сургут»;Аэропорт ТАЗОВСКИЙ
Тюменское;17.ТЮ;ФАВТ.ТЮ.А.00019;Открытое акционерное общество «Нефтеюганский объединенный авиаотряд»;Аэропорт   НЕФТЕЮГАНСК
Тюменское;18.ТЮ;ФАВТ.ТЮ.А.00037;Открытое акционерное общество «Аэропорт Урай»;Аэропорт   УРАЙ
Уральское;1.УР;ФАВТ УР.А.00200;ОАО «Аэропорт Курган»;Курган
Уральское;2.УР;ФАВТ УР.А.00201;ОАО «Второе Свердловское авиапредприятие»;Уктус
Межрегиональное;8.ЦР;ФАВТ ЦР.А.00032 от 27.11.09г.   до 27.11.12г.    ;Государственное   учреждение   Владимирской области   «Владимирская база   Авиационной охраны лесов»;    Владимир        
Межрегиональное;4.ЦР;ФАВТ ЦР.А.00127   от 01.08.08г.   до 01.08.11г.    ;ОАО «Костромское авиапредприятие»;Кострома    
Межрегиональное;2.ЦР;ФАВТ ЦР.А.00002   от 09.02.09г.   до 09.02.12г.;Областное   Государственное   Казенное предприятие «Липецкий аэропорт»;Липецк    
Межрегиональное;9.ЦР;ФАВТ ЦР.А.00039   от 04.02.10г.   до 08.02.13г.;ОАО «Аэропорт Старый Оскол»;Старый Оскол    
Межрегиональное;7 .ЦР;ФАВТ ЦР.А.00023   от 07.09.09г.   до 17.09.12г.;ОАО «Аэропорт Тамбов»;Тамбов    
Межрегиональное;3. ЦР;ФАВТ ЦР А.00021   от 14.07.09г.   до 19.07.12г.;ООО «Аэропорт Змеево»;Тверь (Змеево)    
Межрегиональное;12.ЦР;ФАВТ ЦР А.00040   от 08.02.10   до 08.02.13;ФГОУ ВПО УВАУ ГА;Сасово
Межрегиональное;11.ЦР;ФАВТ ЦР А.00014   от 14 .05.09   до 19 .05.12;ОАО «НПО «Взлет»»;Солнцево
Межрегиональное;10.ЦР;ФАВТ ЦР А.00022   от 16.07.09   до 20.07.12;ЗАО «МАРЗ РОСТО»;Черное
Южное;2. ЮЖ;ФАВТ ЮЖ.А.00001;ООО «Аэропорт-Ейск»;Ейск
Южное;3. ЮЖ;ФАВТ ЮЖ.А.00003;ОАО «Аэропорт Магас»;Магас (Слепцовская)
Южное;4.ЮЖ;ФАВТ   ЮЖ.А.00004;ОАО «Таганрогский АНТК им.Бериева»;Таганрог
