Категория эмитента;Идентификатор;Имя;Организация-эмитент;Область использования
Операторы связи;1.2.643.1;C=RU,o=REG1;;Регистрация объектов, относящихся к Минсвязи
Операторы связи;1.2.643.1.1;C=RU,o=REG1,o=CentralTelgraph;"ОАО ""Центральный телеграф""";Описание объектов и атрибутов Х500
Операторы связи;1.2.643.1.2;C=RU,o=REG1,o=OJSC Mobile Telesystems;ОАО “Мобильные телесистемы ”;Информационные технологии, защита информации, обеспечение инфраструктуры открытых ключей
Операторы связи;1.2.643.1.3;"C=RU,o=REG1,o=""Demos-Internet"" JSC";ЗАО “Демос-Интернет”;Информационные технологии, защита информации, обеспечение инфраструктуры открытых ключей
Операторы связи;1.2.643.1.4;"C=RU,o=REG1,o=JSC "" Atcom """;ЗАО “ Атком ”;Услуги телематических служб, защищенные телекоммуникационные сети и системы
Операторы связи;1.2.643.1.5;"C=RU,o=REG1,o=""Volga region certificate authority""";ЗАО “Поволжский удостоверяющий центр”;Предоставление услуг связи
Операторы связи;1.2.643.1.6;"C=RU,o=REG1,o=""IT Company""";"ЗАО Фирма "" АйТи ""”";"Информационные технологии; защита информации; разработка программно-технических комплексов Автоматизированных систем аутентификации и авторизации пользователей; обеспечение инфраструктуры открытых ключей; разработка АРМ-ов на базе концепции защиты информации; защита программных средств от несанкционированного использования; разработка систем электронного документооборота с использованием ЭЦП."
Операторы связи;1.2.643.1.7;"C=RU,o=REG1,o="""" Taxcom "" Ltd.""";ООО « Такском » г .М осква;Предоставление услуг специализированного оператора связи (в том числе – услуг подтверждения сроков пересылки электронных документов) в системах массового защищенного электронного документооборота
Операторы связи;1.2.643.1.8;"C=RU,o=REG1,o=JSC ""Server-Center""";ЗАО «Сервер-Центр» г .В ладивосток;Услуги телематических служб, защищенные телекоммуникационные сети и системы, предоставление услуг специализированного оператора связи в системах массового защищенного электронного документооборота.
Операторы связи;1.2.643.1.9;"C=RU,o=REG1,o=OJSC North-West Telecom""";ОАО «Северо-Западный Телеком»;Предоставление услуг связи. Информационные и коммуникационные системы
Операторы связи;1.2.643.1.10;C=RU,o=REG1,o=IzhInformProject;Общество с ограниченной ответственностью Научно-производственное предприятие « Ижинформпроект » гИжевск;Услуги телематических служб, услуги передачи данных, информационные технологии, защищенные информационно-телекоммуникационные системы, предоставление услуг специализированного оператора связи в системах массового защищенного электронного документооборота
Операторы связи;1.2.643.1.11;"C=RU,o=REG1,o=OJSC "" Uralsviazinform """;ОАО « Уралсвязьинформ », г Екатеринбург;Предоставление услуг связи. Информационные и телекоммуникационные системы .И нформационные технологии, защита информации, обеспечение инфраструктуры открытых ключей.
Операторы связи;1.2.643.1.12;"C=RU,o=REG1,o=JSC ""Kaluga Astral""";ЗАО “Калуга Астрал ” г Калуга;Осуществление функций специализированного оператора связи в системе электронного документооборота. Организация защиты информации. Построение защищенных сетей.
Операторы связи;1.2.643.1.13;C=RU,o=REG1,o=FGUP NPP Gamma;«Научно-производственное предприятие «Гамма» г Москва;Оператор связи - услуги конфиденциальной связи, услуги защищенных телематических служб и передачи данных
Операторы связи;1.2.643.1.14;C=RU,o=REG1,o=OJSC Moscow city telephone network;ОАО Московская городская телефонная сеть, OJSC Moscow city telephone network,г Москва;Оператор связи
Операторы связи;1.2.643.1.15;C=RU,o=REG1,o=SLAVSERVIS-SVYAZ;ООО « Славсервис-Связь » Г Орел;Предоставление услуг специализированного оператора связи в системах массового защищенного электронного документооборота
Операторы связи;1.2.643.1.16;"C=RU,o=REG1,o=""Educational centre ""Meson""";Негосударственное образовательное учреждение дополнительного образования «Учебный центр «Мезон»   г. Вологда;"Образовательная деятельность; Информационные технологии; Телематические услуги; Защита информации обеспечение инфраструктуры открытых ключей; Предоставление услуг специализированного оператора связи в системах защищенного электронного документооборота."
Операторы связи;1.2.643.1.17;C=RU,o=REG1,o=EXPOBANK LTD;Коммерческий банк “ Экспобанк ”;Защищенные телекоммуникационные сети и системы
Операторы связи;1.2.643.1.18;C=RU,o=REG1,o=Guard-inform Ltd.;ООО “ Гвард-Инофрм ”;Осуществление функций специализированного оператора связи в системе электронного документооборота. Организация защиты информации. Построение защищенных сетей .
Операторы связи;1.2.643.1.19;C=RU,o=REG1,o=  technokad;"Общество с ограниченной ответственностью "" ТехноКад "" Москва  ";Услуги телематических служб, защищенные телекоммуникационные сети и системы. Предоставление услуг специализированного оператора связи (в том числе – услуг подтверждения сроков пересылки электронных документов) в системах массового защищенного электронного документооборота  
Производители программного обеспечения;1.2.643.2;C=RU,o=REG2;;Регистрация объектов фирм-производителей ПО
Производители программного обеспечения;1.2.643.2.1;C=RU,o=REG2,o=INFORMZASCHITA;Научно-инженерное предприятие “ Информзащита;Открытые ключи, идентификация ПО
Производители программного обеспечения;1.2.643.2.2;C=RU,o=REG2,o=CryptoPro;ОО О” КриптоПро ”;Открытые ключи, идентификация ПО
Производители программного обеспечения;1.2.643.2.3;C=RU,o=REG2,o=PSIT;ЗАО “Программные системы и технологии”;Использование в инфраструктуре открытых ключей
Производители программного обеспечения;1.2.643.2.4;C=RU,o=REG2,o=JSC InfoTeCS;ОАО « ИнфоТеКС »;Открытые ключи, виртуальные частные сети (VPN), защита информации, шифрование данных
Производители программного обеспечения;1.2.643.2.5;C=RU,o=REG2,o=JSC Comita;ЗАО “ Комита ”;Информационные технологии, системы юридически значимого электронного документооборота, защита информации
Производители программного обеспечения;1.2.643.2.6;C=RU,o=REG2,o=Megasoft;ООО « Мегасофт »;Системы юридически значимого электронного документооборота, защита информации, инфраструктура открытых ключей
Производители программного обеспечения;1.2.643.2.7;C=RU,o=REG2,o=JSC ALADDIN Software Security R.D.;ЗАО «Аладдин Р.Д.»;Защита информации, разработка программно-аппаратных систем и средств аутентификации и авторизации пользователей, обеспечение инфраструктуры открытых ключей, защита программного обеспечения от несанкционированного использования
Производители программного обеспечения;1.2.643.2.8;C=RU,o=REG2,o=Volga region certificate authority;"ЗАО ""Поволжский удостоверяющий центр""";Производство программного обеспечения
Производители программного обеспечения;1.2.643.2.9;C=RU,o=REG2,o=Cryptocom;"ООО "" Криптоком """;Системы юридически значимого электронного документооборота, инфраструктура открытых ключей, защита информации , ЭЦП, шифрование данных
Производители программного обеспечения;1.2.643.2.10;C=RU,o=REG2,o=ITCompany;"ЗАО Фирма "" АйТИ """;"Информационные технологии; защита информации; разработка программно-технических комплексов Автоматизированных систем аутентификации и авторизации пользователей; обеспечение инфраструктуры открытых ключей; разработка АРМ-ов на базе концепции защиты информации; защита программных средств от несанкционированного использования; разработка систем электронного документооборота с использованием ЭЦП"
Производители программного обеспечения;1.2.643.2.11;C=RU,o=REG2,o=New Adam Ltd.;"ООО ""Новый Адам"" г .М осква";"Информационные технологии; защита информации ;о беспечение инфраструктуры открытых ключей;"
Производители программного обеспечения;1.2.643.2.12;C=RU,o=REG2,o=R-Alpha Ltd.;ООО « Р-Альфа » г .М осква;"Информационные технологии; защита информации ;о беспечение инфраструктуры открытых ключей;"
Производители программного обеспечения;1.2.643.2.13;C=RU,o=REG2,o=ANCUD;"ООО Фирма ""АНКАД"" г .М осква";"Криптографическая защита информации; электронная цифровая подпись; системы разграничения и контроля доступа к информации; защита интернет-коммуникаций ; заказное проектирование."
Производители программного обеспечения;1.2.643.2.14;C=RU,o=REG2,o=Omega- Trin Ltd;"ООО "" Омега-Трин "" г .М осква";"Защита информации и информационных технологий; разработка программно-технических комплексов аутентификации и авторизации пользователей; обеспечение инфраструктуры открытых ключей (PKI); разработка специализированных защищенных АРМ-ов ; защита программных средств от несанкционированного использования; разработка подсистем защиты средствами ЭЦП и шифрования систем электронной коммерции и документооборота"
Производители программного обеспечения;1.2.643.2.15;C=RU,o=REG2,o=Taxcom Ltd;ООО « Такском » г .М осква;Разработка программного обеспечения систем массового защищенного электронного документооборота
Производители программного обеспечения;1.2.643.2.16;C=RU,o=REG2,o=JSC Server-Center;ЗАО «Сервер-Центр» г .В ладивосток;Информационные технологии, разработка программно-технических комплексов, системы юридически значимого электронного документооборота, защита информации, обеспечение инфраструктуры открытых ключей
Производители программного обеспечения;1.2.643.2.17;C=RU,o=REG2,o=GAZINFORMSERVISE Ltd;ООО «ГАЗИНФОРМСЕРВИС» г Санкт-Петербург;"Криптографическая защита информации; электронная цифровая подпись; системы разграничения и контроля доступа к информации; защита интернет-коммуникаций ; заказное проектирование."
Производители программного обеспечения;1.2.643.2.18;C=RU,o=REG2,o=LISSI Ci . Ltd;ООО «Лаборатория испытаний средств и систем информатизации» (ООО «ЛИССИ») гМосква;"Информационные технологии; испытания средств и систем защиты информации; защита информации, в том числе в органах государственной власти РФ; разработка программно-технических комплексов защиты информации, виртуальные частные сети, шифрование данных; защита программно-аппаратных средств от несанкционированного доступа и использования; обеспечение инфраструктуры открытых ключей; разработка систем электронного документооборота с использованием ЭЦП."
Производители программного обеспечения;1.2.643.2.19;"C=RU,o=REG2,o=Special Center of Program Systems "" Spectr """;Научный филиал ФГУП НИИ «Вектор» - СЦПС «Спектр», г .С анкт-Петербург;Производство программного обеспечения и программно-аппаратных устройств
Производители программного обеспечения;1.2.643.2.20;C=RU,o=REG2,o=MGR SYSTEMS;Общество с ограниченной ответственностью«МЖР-СИСТЕМС» (ООО «МЖР-С»)г .М осква;Разработка программного обеспечения
Производители программного обеспечения;1.2.643.2.21;C=RU,o=REG2,o=LLC Top Cross;ООО «Топ Кросс» гМосква;Информационные технологии
Производители программного обеспечения;1.2.643.2.22;"C=RU,o=REG2,o=JSC ""MD PREI""";ЗАО МО ПНИЭИ г .М осква;Производитель программного обеспечения
Производители программного обеспечения;1.2.643.2.23;"C=RU,o=REG2,o=""Informational system Krista"" Ltd";ООО «Информационные системы « Криста », г Рыбинск;Производство программного обеспечения
Производители программного обеспечения;1.2.643.2.24;C=RU,o=REG2,o=LLC Validata;"ООО "" Валидата "", г Москва";Системы криптографической защиты информации с использованием инфраструктуры открытых ключей. Защита электронной почты. Защита WEB Сервера. Защита документооборота. Защита данных в формате XML. Виртуальные частные сети (VPN).
Производители программного обеспечения;1.2.643.2.25;C=RU,o=REG2,o=FGUP NII Voskhod;Федеральное государственное унитарное предприятие «Научно-исследовательский институт «Восход» (ФГУП НИИ «Восход»), г Москва;Производство программного обеспечения
Производители программного обеспечения;1.2.643.2.26;"C=RU,o=REG2,o=JSC ""Kaluga Astral""";ЗАО “Калуга Астрал ”, г Калуга;Разработка программно-технических комплексов для реализации электронного защищенного документооборота.
Производители программного обеспечения;1.2.643.2.27;C=RU,o=REG2,o=GRCC Coding system;Федеральное Государственное Унитарное предприятие «Главный научно-исследовательский вычислительный центр» (ФГУП « ГлавНИВЦ ») Управления делами Президента Российской Федерации, г Москва;Кодирование информации в медицинских информационных системах, разработка автоматизированных систем обмена стандартизованными медицинскими документами с использованием ЭЦП.
Производители программного обеспечения;1.2.643.2.28;C=RU,o=REG2,o=E-Cube Ltd;ООО “ И-Куб ” ,г . Санкт-Петербург;Разработка и сопровождение программного обеспечения в области финансов и электронной коммерции
Производители программного обеспечения;1.2.643.2.29;"C=RU,o=REG2,o=CJSC ""CFT""";ЗАО«ЦЕНТР ФИНАНСОВЫХ ТЕХНОЛОГИЙ»,г .Н овосибирск;"- информационно-вычислительное обслуживание;- разработка компьютерных программ."
Производители программного обеспечения;1.2.643.2.30;C=RU,o=REG2,o=Inet CA;Общество с ограниченной ответственностью «ИНЕТ» , гКемерово;Производители ПО
Производители программного обеспечения;1.2.643.2.31;"C=RU,o=REG2,o=JSC ""ELVIS-PLUS""";ОАО «ЭЛВИС-ПЛЮС» Москва, Зеленоград,;"Информационные технологии; защита информации; разработка программно-технических комплексов автоматизированных систем аутентификации и авторизации пользователей; обеспечение инфраструктуры открытых ключей; разработка систем и средств защиты информации на базе концепции защиты информации; защита программных средств от несанкционированного использования, разработка систем электронного документооборота с использованием ЭЦП."
Производители программного обеспечения;1.2.643.2.32;C=RU,o=REG2,o=PACIFICA;ООО «ПАЦИФИКА» г. Москва;"- разработка и реализация программного обеспечения неограниченному кругу юридических и физических лиц; -   сервисные и консультационные услуги в области программного обеспечения; - осуществление иных видов хозяйственной деятельности, не противоречащих действующему законодательству Российской Федерации."
Производители программного обеспечения;1.2.643.2.33;C=RU,o=REG2,o=Special Computer-Aided Design Bureau OKB SAPR;ЗАО «ОКБ САПР» Закрытое акционерное общество «Особое конструкторское бюро систем автоматизированного проектирования», г .М осква;ОКБ САПР разрабатывает и производит средства защиты информации, в том числе криптографические, семейств АККОРД тм и ШИПКА тм . Компанией создана методология аппаратной защиты, в основе которой – необходимость наличия резидентного аппаратного компонента компьютерной системы, обеспечивающего ее защиту от НСД. С 1997 года эта методология реализуется во всех изделиях ОКБ САПР.
Производители программного обеспечения;1.2.643.2.34;C=RU,o=REG2,o=EXPOBANK LTD;Коммерческий банк “ЭКСПОБАНК” , Москва;Идентификация собственного защищенного ПО, Автоматизированных систем аутентификации и авторизации пользователей
Производители программного обеспечения;1.2.643.2.35;C=RU,o=REG2,o=Absolute,Ltd.;"ООО ""Абсолют"" , Москва";Защита информации, системы юридически значимого электронного документооборота, автоматизированные системы аутентификации пользователей, инфраструктура открытых ключей
Производители программного обеспечения;1.2.643.2.36;C=RU,o=REG2,o=Russian telephone company;Закрытое акционерное общество «Русская телефонная компания» г. Санкт-Петербург;Производство телекоммуникационного оборудования с разработкой ПО для выпускаемой продукции.
Производители программного обеспечения;1.2.643.2.37;C=RU,o=REG2,o=XXXXX;Зарезервировано;Зарезервировано
Производители программного обеспечения;1.2.643.2.38;C=RU,o=REG2,o=Signal-COM JSC;ЗАО « Сигнал - КОМ », Москва;"Разработка средств криптографической защиты информации: инструментальные средства разработчика крипто-систем ; решения для организации PKI; системы защиты электронного документооборота; комплексы для построения VPN ; решения для защиты телефонных переговоров"
Производители программного обеспечения;1.2.643.2.39;C=RU,o=REG2,o=1 С Company,JSC;ЗАО «1С» , Москва,;Защита программных средств от несанкционированного использования, системы юридически значимого электронного документооборота, защита информации, инфраструктура открытых ключей
Производители программного обеспечения;1.2.643.2.40;C=ru,o=REG2,o=RINTECH Coding Scheme;Общество с ограниченной ответственностью «РИНТЕХ» (ООО «РИНТЕХ»), Москва, Зеленоград;Кодирование информации в медицинских информационных системах, защита персональной медицинской информации, разработка систем электронного документооборота с использованием ЭЦП.
Производители программного обеспечения;1.2.643.2.41;C=ru,o=REG2,o=Extrim pro company,Ltd.;"ООО ""Компания Экстрим про"", гЕкатеринбург";Идентификация программного обеспечения.
Производители программного обеспечения;1.2.643.2.42;C=ru,o=REG2,o=Specs;Общество с ограниченной ответственностью « Спецсистемы » Москва;Идентификация собственного защищенного ПО, Автоматизированных систем аутентификации и авторизации пользователей
Производители программного обеспечения;1.2.643.2.43;C=ru,o=REG2,o=Federal Public Health Institute;Федеральное государственное учреждение «Центральный научно–исследовательский институт организации и информатизации здравоохранения Федерального агентства по здравоохранению и социальному развитию»;"Область использования: ""Кодирование информации в медицинских информационных системах, защита персональной медицинской информации, разработка систем электронного документооборота с использованием ЭЦП""."
Производители программного обеспечения;1.2.643.2.44;C=ru,o=REG2,o=LLC Budget & Financial Technologies  ;"ООО ""Бюджетные и Финансовые Технологии"", Москва";Разработка, внедрение и сопровождение программного обеспечения для региональных и муниципальных органов государственной власти. Разработка систем электронного документооборота с использованием ЭЦП и систем юридически значимого электронного документооборота. Консалтинг в сфере управленческих и информационных технологий.
Производители программного обеспечения;1.2.643.2.45;"C=ru,o=REG2,o==""Digital technologies""";ООО «Цифровые технологии» Республика Марий Эл, г .Й ошкар-Ола;Системы юридически значимого электронного документооборота, защита информации, инфраструктура открытых ключей
Производители программного обеспечения;1.2.643.2.46;с=RU,o=REG2,o=CIT&S;Федеральное государственное научное учреждение «Центр информационных технологий и систем органов исполнительной власти»;Информационные технологии, информационно-телекоммуникационные системы, системы юридически значимого электронного документооборота, открытые ключи, инфраструктура открытых ключей,   виртуальные частные сети (VPN), защита информации и информационных технологий, шифрование данных, разработка программного обеспечения, разработка программно-технических комплексов, разработка средств защиты информации
Производители программного обеспечения;1.2.643.2.47;C=RU,o=REG2,o=Finnet-Sevice Ltd;"ООО ""ФИННЕТ-СЕРВИС""";Разработка программного обеспечения для обеспечения инфраструктуры открытых ключей
Производители программного обеспечения;1.2.643.2.48;C=RU,o=REG2,o=Data X/FLORIN Inc;ЗАО «ДАТА ИКС/ФЛОРИН»;Информационные технологии, разработка программного обеспечения, баз данных
Производители программного обеспечения;1.2.643.2.49;C=RU,o=REG2,o=RTS Ltd;"ООО ""Русское Техническое Общество""";Разработка программного обеспечения для информационных технологий,
Производители программного обеспечения;1.2.643.2.50;C=ru,o=REG2,OKTET Labs Ltd;ООО «ОКТЕТ Лабз »;Разработка программного обеспечения. Идентификация объектов, элементов данных, модулей. Спецификация протоколов и структур данных.
Производители программного обеспечения;1.2.643.2.51;C=ru,o=REG2,o=technokad  ;"Общество с ограниченной ответственностью "" ТехноКад ""   г. Москва,  ";Разработка программного обеспечения систем массового защищенного электронного документооборота  
Производители программного обеспечения;1.2.643.2.52;C=ru,o=REG2,o=Moscow State Institute Of Electronics And Mathematics (Technical University).    ;Государственное образовательное учреждение высшего профессионального образования «Московский государственный институт электроники и математики (технический университет)». Наименование на английском языке : Moscow State Institute Of Electronics And Mathematics (Technical University).  ;"Информационная безопасность; разработка и проведение исследований в области средств защиты информации."
Производители программного обеспечения;1.2.643.2.53;"C=ru,o=REG 2,o=Закрытое акционерное общество ""Специализированный Пенсионный Администратор""  ";Закрытое акционерное общество «Специализированный Пенсионный Администратор» Краткое название: (ЗАО «СПА») , Москва    ;Производители П О- ( Системы юридически значимого электронного документооборота, защита информации, инфраструктура открытых ключей )
Производители программного обеспечения;1.2.643.2.54;"C=ru,o=REG2,o=""Atlas- 2"",  JSC  ";Закрытое акционерное общество «Атлас-2» г. Владивосток;Информационные технологии, разработка программно-технических комплексов, системы юридически значимого электронного документооборота, защита информации, обеспечение инфраструктуры открытых ключей
Удостоверяющие центры;1.2.643.3;C=RU,o=REG3;;Регистрация удостоверяющих центров
Удостоверяющие центры;1.2.643.3.1;Зарезервировано;;
Удостоверяющие центры;1.2.643.3.2;"C=RU,o=REG3,o=JSC""UDC""";ЗАО “Удостоверяющий центр” (Санкт-Петербург);Защита информации, обеспечение инфраструктуры открытых ключей
Удостоверяющие центры;1.2.643.3.2.1;"С=RU,o=REG3,o=JSC""UDC"",o=UEPR";СПб ГУП «УПРАВЛЕНИЕ ЭКОНОМИКО-ПРАВОВОГО РАЗВИТИЯ»;Защита информации, обеспечение инфраструктуры открытых ключей
Удостоверяющие центры;1.2.643.3.2.2;"С=RU,o=REG3,o=JSC""UDC"",o=Not state educational establishment of additional education "" Magic technologies plus";»Негосударственное образовательное учреждение дополнительного образования uu «Волшебные технологии плюс» г .А нгарск;Защита информации, обеспечение инфраструктуры открытых ключей
Удостоверяющие центры;1.2.643.3.2.3;"С=RU,o=REG3,o=JSC""UDC"",o=RBC SOFT";ЗАО «РБК СОФТ»;Защита информации, обеспечение инфраструктуры открытых ключей
Удостоверяющие центры;1.2.643.3.2.4;"С=RU,o=REG3,o=JSC""UDC"",o=""City information center"" municipal institution";Муниципальное учреждение «Городской информационный центр» г .В олгоград;Защита информации, обеспечение инфраструктуры открытых ключей
Удостоверяющие центры;1.2.643.3.2.5;"С=RU,o=REG3,o=JSC""UDC"",o=JSC-service";Закрытое акционерное общество ЦБИ-сервис / ЗАО ЦБИ-сервис Моск .о бл .;Защита информации, обеспечение инфраструктуры открытых ключей
Удостоверяющие центры;1.2.643.3.3;"C=RU,o=REG3,o=OJSC"" MOSGILREGISTRACIA""";ОАО “ Мосжилрегистрация;Защита информации, обеспечение инфраструктуры открытых ключей
Удостоверяющие центры;1.2.643.3.4;C=RU,o=REG3,o=MNS;Федеральная налоговая служба;Взаимодействие между органами государственной власти
Удостоверяющие центры;1.2.643.3.5;"C=RU,o=REG3,o=JSC "" InfoTeCS Internet Trust""";"ОАО "" ИнфоТеКС Интернет Траст";Поддержание ключевой инфраструктуры, в том числе и инфраструктуры открытых ключей (PKI), удостоверение и регистрация сертификатов ЭЦП
Удостоверяющие центры;1.2.643.3.6;"C=RU,o=REG3,o=STC""Atlas- Severo - Zapad ""   С 12.10.2009 C=RU,o=REG3,o="" С entrInform """;ДГУП НТЦ « Атлас-Северо-Запад » С 12 .10.2009 ФГУП “ ЦентрИнформ ”;Защита информации, обеспечение инфраструктуры открытых ключей
Удостоверяющие центры;1.2.643.3.7;C=RU,o=REG3,o=SKB Kontur;ЗАО «ПФ «СКБ Контур» ,г . Екатеринбург;Функции удостоверяющего центра
Удостоверяющие центры;1.2.643.3.7.1;C=RU,o=REG3,o=SKB Kontur,o=NOCHZI;ЗАО «ПФ «СКБ Контур» ,г . Екатеринбург;"Идентификация сертификатов открытых ключей, допустимых для использования в системе ""Налоговая отчетность через Интернет"""
Удостоверяющие центры;1.2.643.3.8;"C=RU,o=REG3,o=JSC""CA""";Закрытое Акционерное Общество «Удостоверяющий центр», г . Нижний Новгород;Защита информации, обеспечение инфраструктуры открытых ключей, открытие центров регистрации
Удостоверяющие центры;1.2.643.3.8.1;"C=RU,o=REG3,o=JSC""CA"",o=""Crypto-Volga""";"ООО "" Крипто-Волга "",г .С амара";Защита информации, обеспечение инфраструктуры открытых ключей
Удостоверяющие центры;1.2.643.3.8.2;"C=RU,o=REG3,o=JSC""CA"",o="" Technosbyt -service""";ООО « Техносбыт-сервис », г .Е катеринбург;Защита информации, обеспечение инфраструктуры открытых ключей
Удостоверяющие центры;1.2.643.3.8.3;"C=RU,o=REG3,o=JSC""CA"",o=MITC";МУП «Муниципальный информационно-технологический центр»,г .У фа;Защита информации, обеспечение инфраструктуры открытых ключей
Удостоверяющие центры;1.2.643.3.8.4;"C=RU,o=REG3,o=JSC""CA"",o="" ArtCom "" Ltd.";"Общество с ограниченной ответственностью "" АртКом "",г .У льяновск";Защита информации, обеспечение инфраструктуры открытых ключей
Удостоверяющие центры;1.2.643.3.8.5;"C=RU,o=REG3,o=JSC""CA"",o=""ICC ""Express"" Ltd.";"Общество с ограниченной ответственностью ""ИКЦ ""Экспресс"", г .У фа";Защита информации, обеспечение инфраструктуры открытых ключей
Удостоверяющие центры;1.2.643.3.8.6;"C=RU,o=REG3,o=JSC""CA"",o="" Overta "" Ltd.";"Общество с ограниченной ответственностью ТК "" Оверта "", г. Саратов";Защита информации, обеспечение инфраструктуры открытых ключей
Удостоверяющие центры;1.2.643.3.8.7;"C=RU,o=REG3,o=JSC""CA"",o="" Vidicon "" Ltd.";"Общество с ограниченной ответственностью ""Видикон"", г . Пермь";Защита информации, обеспечение инфраструктуры открытых ключей
Удостоверяющие центры;1.2.643.3.8.8;"C=RU,o=REG3,o=JSC""CA"",o=""IVC PERM""";Областное государственное унитарное предприятие «Информационно-вычислительный центр администрации Пермской области»;Защита информации, обеспечение инфраструктуры открытых ключей
Удостоверяющие центры;1.2.643.3.8.9;"C=RU,o=REG3,o=JSC""CA"",o=""DUMC""";Некоммерческое партнерство « Димитровградский учебно-методический центр», г .Д имитровград, Ульяновской обл;Защита информации, обеспечение инфраструктуры открытых ключей
Удостоверяющие центры;1.2.643.3.8.10;"C=RU,o=REG3,o=JSC""CA"",o=""""Kris"" Ltd.""";ООО « Крис », г .П сков;Защита информации, обеспечение инфраструктуры открытых ключей
Удостоверяющие центры;1.2.643.3.8.11;"C=RU,o=REG3,o=JSC""CA"",o="" CA.Orenburg""JSC";Закрытое акционерное общество «Удостоверяющий центр. Оренбург»;Защита информации, обеспечение инфраструктуры открытых ключей
Удостоверяющие центры;1.2.643.3.8.12;"C=RU,o=REG3,o=JSC""CA"",o="" Rosintelsystem "" Ltd.";"Общество с ограниченной ответственностью "" Росинтелсистем "", г .П енза";Защита информации, обеспечение инфраструктуры открытых ключей
Удостоверяющие центры;1.2.643.3.8.13;зарезервировано;;
Удостоверяющие центры;1.2.643.3.8.14;"C=RU,o=REG3,o=CA,o="""" YourNet.RU""Ltd .""";ООО «Твоя Сеть» г .С анкт Петербург;Защита информации, обеспечение инфраструктуры открытых ключей
Удостоверяющие центры;1.2.643.3.8.15;"C=RU,o=REG3,o=CA,o=""Itil-95 TSC"" Ltd.""";"ООО НТЦ ""Итиль-95"" г .И ваново";Защита информации, обеспечение инфраструктуры открытых ключей
Удостоверяющие центры;1.2.643.3.8.16;"C=RU,o=REG3,o="" CA"",o="" FEM MF Sovetskiy raion """;;
Удостоверяющие центры;1.2.643.3.8.17;"C=RU,o=REG3,o=CA,o=""JSC ""New technologies""""";ФЭУ МО Советский район ,Тюменская обл , г .С оветский,;Защита информации, обеспечение инфраструктуры открытых ключей
Удостоверяющие центры;1.2.643.3.8.18;зарезервировано;;
Удостоверяющие центры;1.2.643.3.8.19;зарезервировано;;
Удостоверяющие центры;1.2.643.3.8.20;зарезервировано;;
Удостоверяющие центры;1.2.643.3.8.21;"C=RU,o=REG3,o=CA,o="""" Crypta "" Ltd""";ООО «Крипта» г .И ркутск;Защита информации, обеспечение инфраструктуры открытых ключей
Удостоверяющие центры;1.2.643.3.8.22;зарезервировано;;
Удостоверяющие центры;1.2.643.3.8.23;"C=RU,o=REG3,o=CA,o=""""NV-Com"" Ltd.""";ООО «НВ-Ком» г .Н ижневартовск;Защита информации, обеспечение инфраструктуры открытых ключей
Удостоверяющие центры;1.2.643.3.8.24;"C=RU,o=REG3,o=CA,o=""""Corporation Parus """"";"ООО ""Корпорация Парус» .г Рязань";Защита информации, обеспечение инфраструктуры открытых ключей
Удостоверяющие центры;1.2.643.3.8.25;"C=RU,o=REG3,o="" CA"",o=""OGU "" Belgorod information fund """;ОГУ «Белгородский информационный центр»;Защита информации, обеспечение инфраструктуры открытых ключей
Удостоверяющие центры;1.2.643.3.8.27;"C=RU,o=REG3,o="" CA"",o="" ""Corporate systems and service"" Ltd""";ООО «Корпоративные системы и сервис», гБарнаул;Защита информации, обеспечение инфраструктуры открытых ключей------------------
Удостоверяющие центры;1.2.643.3.8.35;"C=RU,o=REG3,o=CA,o="" JSC "" Akibank """"";ОАО « Акибанк », г Набережные Челны;Защита информации, обеспечение инфраструктуры открытых ключей
Удостоверяющие центры;1.2.643.3.8.38;"C=RU,o=REG3,o=CA,o=""""Southern Software Company""Ltd""";Общество с ограниченной ответственность «Южная Софтверная Компания», г. Ростов-на-Дону;Защита информации, обеспечение инфраструктуры открытых ключей
Удостоверяющие центры;1.2.643.3.8.51;"C=RU,o=REG3,o=CA,o="" Digital Channel Network JSC""";ОАО «Сеть цифровых каналов», г Екатеринбург;Защита информации, обеспечение инфраструктуры открытых ключей
Удостоверяющие центры;1.2.643.3.8.60;"C=RU,o=REG3,o=CA,o="""" Kontakt "" Ltd""";ООО «НПП Контакт» г .Б елгород;Защита информации, обеспечение инфраструктуры открытых ключей
Удостоверяющие центры;1.2.643.3.8.70;"C=RU,o=REG3,o="" CA"",o="" JSC ""ITS""""";Закрытое Акционерное Общество «Информационные технологии и связь», г Новосибирск;Защита информации, обеспечение инфраструктуры открытых ключей
Удостоверяющие центры;1.2.643.3.9;C=RU,o=REG3,o=PFR;- «Пенсионный фонд Российской Федерации (ПФР). Государственное учреждение . г . Москва»,;- «Защита информации, обеспечение инфраструктуры открытых ключей (PKI) корпоративной   информационной системы, функции удостоверяющего центра, взаимодействие с внешними УЦ».
Удостоверяющие центры;1.2.643.3.10;"С=RU,o=REG3,o=""Volga region certificate authority""";ЗАО «Поволжский удостоверяющий центр», г .К азань;Защита информации, обеспечение инфраструктуры открытых ключей
Удостоверяющие центры;1.2.643.3.11;"С=RU,o=REG3,o=Krasnodar branch of STC ""Atlas""   ----------------------------------------------------------------------------------- C 21.06.2010 C=RU,О=REG3,O=LJSC Orbita ;";"Филиал ФГУП НТЦ ""Атлас"" в Краснодарском крае C 21.06.2010 Закрытое акционерное общество «Орбита», 350063, г. Краснодар";Защита информации, обеспечение инфраструктуры открытых ключей(PKI), открытие центров регистрации
Удостоверяющие центры;1.2.643.3.12;"С=RU,o=REG3,o="" Atlas""Spb";Филиал Федерального государственного унитарного предприятия «Научно-технический центр «Атлас» в г. C анкт-Петербурге и Ленинградской области;Защита информации, обеспечение инфраструктуры открытых ключей
Удостоверяющие центры;1.2.643.3.13;"С=RU,o=REG3,o=""IT Company""";"ЗАО Фирма "" АйТи """;"Информационные технологии; защита информации; разработка программно-технических комплексов Автоматизированных систем аутентификации и авторизации пользователей; обеспечение инфраструктуры открытых ключей; разработка АРМ-ов на базе концепции защиты информации; защита программных средств от несанкционированного использования; разработка систем электронного документооборота с использованием ЭЦП"
Удостоверяющие центры;1.2.643.3.14;С=RU,o=REG3,o=RIPN;Учреждение Российский Научно - Исследовательский Институт Развития Общественных Сетей (некоммерческая организация);Поддержание ключевой инфраструктуры, в том числе и инфраструктуры открытых ключей (PKI), удостоверение и регистрация сертификатов ЭЦП
Удостоверяющие центры;1.2.643.3.15;С=RU,o=REG3,o=JSC Digital Signature;ЗАО «Цифровая подпись»;Информационные технологии, защита информации, обеспечение инфраструктуры открытых ключей, в том числе для корпоративных пользователей, открытие центров регистрации.
Удостоверяющие центры;1.2.643.3.16;"С=RU,o=REG3,o=""SCC of Minatom of Russia corporate certificate authority""";"ФГУП ""Ситуационно-Кризисный Центр Министерства Российской Федерации по атомной энергии"" (СКЦ Минатома России)";Информационные технологии, защита информации, обеспечение инфраструктуры открытых ключей корпоративной информационной системы, открытие центров регистрации
Удостоверяющие центры;1.2.643.3.17;С=RU,o=REG3,o=ERSCA;ООО “ Фест Фрейм Нетворкерс ”, г .М осква;Защита информации, обеспечение инфраструктуры открытых ключей
Удостоверяющие центры;1.2.643.3.18;"С=RU,o=REG3,o=Jsc ""ANK""";ЗАО «АНК», г .С анкт-Петербург;Защита информации, обеспечение инфраструктуры открытых ключей
Удостоверяющие центры;1.2.643.3.19;"С=RU,o=REG3,o=""UDC Sibiria TSUCSR""";Государственное образовательное учреждение высшего профессионального образования «Томский государственный университет систем управления и радиоэлектроники» (структурное подразделение Центр технологий безопасности – Удостоверяющий центр Сибири);Образовательная деятельность, научная деятельность, информационные технологии, защита информации, обеспечение инфраструктуры открытых ключей корпоративной информационной системы, открытие центров регистрации
Удостоверяющие центры;1.2.643.3.20;"С=RU,o=REG3,o=Ulyanovsk branch of STC ""Atlas""         C 13.04.2010 г . С=RU,o=REG3,o=Ulyanovsk branch of "" CenterInform ""  ";Филиал федерального государственного унитарного предприятия «Научно-технический центр «Атлас» в Ульяновской области   C 13.04.2010 г. Ульяновский филиал федерального государственного унитарного предприятия « ЦентрИнформ »;Защита информации, обеспечение инфраструктуры открытых ключей       Защита информации, обеспечение инфраструктуры открытых ключей
Удостоверяющие центры;1.2.643.3.20.1;"С=RU,o=REG3,o=Ulyanovsk branch of STC ""Atlas"",o=KONTUR73";Филиал федерального государственного унитарного предприятия «Научно-технический центр «Атлас» в Ульяновской области;Идентификация сертификатов открытых ключей, допустимых для использования в системе «Контур-Экстерн»
Удостоверяющие центры;1.2.643.3.21;"С=RU,o=REG3,o=JSC ""Central Telegraph""";ОАО «Центральный телеграф»;Информационные технологии, защита информации, обеспечение инфраструктуры открытых ключей
Удостоверяющие центры;1.2.643.3.22;"С=RU,o=REG3,o="""" Taxcom "" Ltd.""";ООО « Такском »;Информационные технологии, защита информации, обеспечение инфраструктуры открытых ключей
Удостоверяющие центры;1.2.643.3.23;"С=RU,o=REG3,o=""BANK OF KHANTY-MANSIYSK JOINT STOK COMPANY""";ОАО ХАНТЫ-МАНСИЙСКИЙ БАНК;Защита информации, обеспечение инфраструктуры открытых ключей
Удостоверяющие центры;1.2.643.3.24;С=RU,o=REG3,o=GRUC-77;АНО «Московский Головной Региональный Удостоверяющий Центр» (ГРУЦ-77);"Московский Головной Региональный Удостоверяющий Центр создан на основании Распоряжения Правительства Москвы N568-РП от 10 апреля 2003 года ""О создании Московского головного регионального удостоверяющего центра"". Защита информации, обеспечение инфраструктуры открытых ключей, создание единой зоны доверия СКП удостоверяющих центров, построенных на различных программных платформах."
Удостоверяющие центры;1.2.643.3.25;С=RU,o=REG3,о=GosNII GA;ФГУП ГосНИИ ГА (НЦ ПЛГВС ГосНИИ ГА);Функции удостоверяющего центра, Защита информации, обеспечение инфраструктуры открытых ключей
Удостоверяющие центры;1.2.643.3.26;"С=RU,o=REG3,о=JSC ""Server-Center""";ЗАО «Сервер-Центр» ,г . Владивосток;Защита информации, обеспечение инфраструктуры открытых ключей
Удостоверяющие центры;1.2.643.3.27;"С=RU,o=REG3,о=""GAZINFORMSERVISE"" Ltd.";ООО «ГАЗИНФОРМСЕРВИС»;Защита информации, обеспечение инфраструктуры открытых ключей
Удостоверяющие центры;1.2.643.3.28;С=RU,o=REG3,o=OJSC North-West Telecom;ОАО «Северо-Западный Телеком», г Санкт-Петербург;Защита информации, обеспечение инфраструктуры открытых ключей
Удостоверяющие центры;1.2.643.3.29;С=RU,o=REG3,o=LISSI Ltd;ООО «Лаборатория испытаний средств и систем информатизации» (ООО «ЛИССИ»), г Москва;"Информационные технологии; испытания средств и систем защиты информации; защита информации, в том числе в органах государственной власти РФ; разработка программно-технических комплексов защиты информации, виртуальные частные сети, шифрование данных; защита программно-аппаратных средств от несанкционированного доступа и использования; обеспечение инфраструктуры открытых ключей; разработка систем электронного документооборота с использованием ЭЦП."
Удостоверяющие центры;1.2.643.3.30;С=RU,o=REG3,o=Bizness -Protect;"ООО ""Бизнес-Защита"" г .Н овосибирск";Информационные технологии, защита информации, обеспечение инфраструктуры откртытх ключей
Удостоверяющие центры;1.2.643.3.31;"С=RU,o=REG3,o=Special Center of Program Systems "" Spectr "".";Научный филиал ФГУП НИИ «Вектор» - СЦПС «Спектр», г .С анкт-Петербург;Защита информации, обеспечение инфраструктуры открытых ключей, функции удостоверяющего центра, открытие центров регистрации
Удостоверяющие центры;1.2.643.3.32;"С=RU,o=REG3,o=JSC "" Sakhalinmorsvyaz """;ОАО «Предприятие связи « Сахалинморсвязь » ,г . Южно-Сахалинск;"1. Функции удостоверяющего центра, защита информации, обеспечение инфраструктуры открытых ключей 2 . Идентификация сертификатов открытых ключей, допустимых для использования в системе ""Контур-Экстерн """
Удостоверяющие центры;1.2.643.3.33;С=RU,o=REG3,o=LLC Top Cross;ООО «Топ Кросс»;Информационные технологии, обеспечение инфраструктуры открытых ключей, корпоративный удостоверяющий центр.
Удостоверяющие центры;1.2.643.3.34;С=RU,o=REG3,o=IzhInformProject;Общество с ограниченной ответственностью Научно-производственное предприятие « Ижинформпроект », г Ижевск;Защита информации, научная деятельность, обеспечение инфраструктуры открытых ключей, функции удостоверяющего центра
Удостоверяющие центры;1.2.643.3.35;зарезервировано;;
Удостоверяющие центры;1.2.643.3.36;"C=ru,o=REG3,o=JSC ""CA MD PREI""";ЗАО МО ПНИЭИ;Защита информации
Удостоверяющие центры;1.2.643.3.37;C=ru,o=REG3,o=JSC TransTeleCom Company;ЗАО «Компания ТрансТелеКом »;Информационные технологии, защита информации, обеспечение инфраструктуры открытых ключей, открытие подчиненных удостоверяющих центров, открытие центров регистрации, удостоверение и регистрация сертификатов ЭЦП, обеспечение юридической значимости в системах электронного документооборота.
Удостоверяющие центры;1.2.643.3.38;C=ru,o=REG3,o=Electronic city Ltd;ООО «Электронный город» гКурск;"Информационные технологии: функции удостоверяющего центра; обеспечение инфраструктуры открытых ключей; формирование служебных ключей и сертификатов пользователей; взаимодействие с подчиненными удостоверяющими центрами; открытие и взаимодействие с центрами регистрации; обеспечение юридической значимости электронного документ а( ов ) в информационных системах общего пользования и корпоративных; криптографическая защита информации; защищённая электронная почта"
Удостоверяющие центры;1.2.643.3.39;C=ru,o=REG3,o=OJSC ''Network of business service'';ОАО «Сеть делового обслуживания» гТверь;Информационные технологии, защита информации, обеспечение инфраструктуры открытых ключей, в том числе для корпоративных пользователей, открытие центров регистрации
Удостоверяющие центры;1.2.643.3.40;"C=ru,o=REG3,o=""ASTRA ST''";ЗАО “Астра СТ ” , гЧелябинск;Удостоверяющий центр
Удостоверяющие центры;1.2.643.3.41;"C=ru,o=REG3,o==""Informational system Krista"" Ltd""";ООО «Информационные системы « Криста », гРыбинск;Защита информации, обеспечение инфраструктуры открытых ключей, открытие центров регистрации
Удостоверяющие центры;1.2.643.3.42;"C=ru,o=REG3,o==""JSC ""Format Link""";ООО «Формат Линк », гИжевск;Защита информации, научная деятельность, обеспечение инфраструктуры открытых ключей, функции удостоверяющего центра, учебная деятельность
Удостоверяющие центры;1.2.643.3.43;C=ru,o=REG3,o==LLC Validata;"ООО "" Валидата "", гМосква";Обеспечение инфраструктуры открытых ключей (PKI), удостоверение и регистрация сертификатов ЭЦП.
Удостоверяющие центры;1.2.643.3.44;"C=ru,o=REG3,o=""ITC "" Kami -Sever""""";ООО ИТЦ “ Ками-Север ”, Ярославль;Информационные технологии, защита информации, обеспечение инфраструктуры открытых ключей.
Удостоверяющие центры;1.2.643.3.45;"C=ru,o=REG3,o=JSC ""Kaluga Astral""";ЗАО “Калуга Астрал ”, г Калуга;Удостоверяющий центр
Удостоверяющие центры;1.2.643.3.46;C=ru,o=REG3,o=NP NCA;Некоммерческое партнерство “Национальный удостоверяющий центр”;Удостоверяющий центр - услуги удостоверяющего центра и иные услуги в области использования электронной цифровой подписи Дополнительно - услуги в области технической и криптографической защиты информации
Удостоверяющие центры;1.2.643.3.47;C=ru,o=REG3,o=OJSC Svyazintek;ОАО « Связьинтек » , г Москва;Удостоверяющий центр
Удостоверяющие центры;1.2.643.3.48;C=ru,o=REG3,o=Petrocrypt LLC;ООО “ Петрокрипт ” , г. Петрозаводск;Информационные технологии, защита информации, обеспечение инфраструктуры открытых ключей.
Удостоверяющие центры;1.2.643.3.49;C=ru,o=REG3,o=Finance Department of Irkutsk Region;Департамент финансов Иркутской    области;Защита информации, обеспечение инфраструктуры открытых ключей
Удостоверяющие центры;1.2.643.3.50;"C=ru,o=REG3,o=JSC ""GAZPROM""";"ОАО ""Газпром"", г . Москва";Удостоверяющие центры
Удостоверяющие центры;1.2.643.3.51;C=ru,o=REG3,o=Kazan branch of STC Atlas;Казанский филиал Федерального государственного унитарного предприятия «Научно-технический центр «Атлас» Федеральной службы безопасности Российской Федерации»., г . Казань;Защита информации, обеспечение инфраструктуры открытых ключей
Удостоверяющие центры;1.2.643.3.52;C=ru,o=REG3,o=CIT Finance Investment bank;КИТ Финанс Инвестиционный банк (ОАО), гСанкт-Петербург;Информационные технологии, защита информации, обеспечение инфраструктуры открытых ключей, в том числе для корпоративных пользователей, открытие центров регистрации.
Удостоверяющие центры;1.2.643.3.53;C=ru,o=REG3,o=Exclusive Solutions ltd.;ООО «Эксклюзивные решения», г Тольятти;Удостоверяющий центр
Удостоверяющие центры;1.2.643.3.54;C=ru,o=REG3,o=PNK Ltd.;Общество с ограниченной ответственностью «ПНК» , г Челябинск;Информационные технологии, защита информации, обеспечение инфраструктуры открытых ключей, открытие центров регистрации
Удостоверяющие центры;1.2.643.3.55;"C=ru,o=REG3,o=CJSC ""CDC""";ЗАО «Центр Цифровых Сертификатов», г Новосибирск;"- деятельность по распространению и техническому обслуживанию шифровальных (криптографических) средств;- деятельность по предоставлению услуг в области шифрования информации;- деятельность по выдаче сертификатов ключей электронных цифровых подписей;- деятельность по регистрации владельцев электронных цифровых подписей;- оказание услуг, связанных с использованием электронных цифровых подписей и подтверждению подлинности электронных цифровых подписей;- информационно-вычислительное обслуживание."
Удостоверяющие центры;1.2.643.3.56;"C=RU,o=REG3,o=Certification Center ""ACKOM"" Ltd";ООО Удостоверяющий центр «АСКОМ»;Защита информации, обеспечение инфраструктуры открытых ключей
Удостоверяющие центры;1.2.643.3.57;"C=RU,o=REG3,o=JSC ""AVTOVAZ""";Открытое акционерное общество «АВТОВАЗ», г. Тольятти;Защита информации, обеспечение инфраструктуры открытых ключей, открытие центров регистрации
Удостоверяющие центры;1.2.643.3.58;"C=RU,o=REG3,o=""Tensor""";ООО «Компания «Тензор» г Ярославль  ;Предоставление услуг специализированного оператора связи (в том числе – услуг подтверждения сроков пересылки электронных документов) в системах массового защищенного электронного документооборота
Удостоверяющие центры;1.2.643.3.59;"C=RU,o=REG3,o=LTD ""Interregional certificating Centre """;ООО “Межрегиональный удостоверяющий центр” Г Москва;Услуги удостоверяющего центра
Удостоверяющие центры;1.2.643.3.60;C=RU,o=REG3,o=Inet CA;ООО«ИНЕТ» , г . К емерово;Удостоверяющие центры
Удостоверяющие центры;1.2.643.3.61;C=ru,o=REG3,o=Organizational & Technological Solutions 2000   Ltd;ООО «Организационно-технологические решения 2000», г. Москва;Информационные технологии, разработка программно-технических комплексов, системы юридически значимого электронного документооборота, защита информации, обеспечение инфраструктуры открытых ключей
Удостоверяющие центры;1.2.643.3.62;"C=ru,o=REG3,o=GU ""Research of Yamal ""    ";Государственное учреждение «Ресурсы Ямала»   Отдел -   Региональный удостоверяющий центр ЯНАО г. Салехард;Защита   информации,   обеспечение инфраструктуры открытых ключей(PKI), открытие центров регистрации
Удостоверяющие центры;1.2.643.3.63;"C=ru,o=REG3,o=  Saint-Petersburg State Unitary Enterprise ""Saint-Petersburg Information Analysis Center""";Санкт-Петербургское государственное унитарное предприятие «Санкт-Петербургский информационно-аналитический центр»;Защита   информации,   обеспечение инфраструктуры открытых ключей
Удостоверяющие центры;1.2.643.3.64;C=ru,o=REG3,o=The Ministry of Finance of the Republic of Kareliya;Министерство финансов Республики Карелия г .П етрозаводск,;Функции удостоверяющего центра, Взаимодействие между органами государственной власти Защита информации Обеспечение инфраструктуры открытых ключей
Удостоверяющие центры;1.2.643.3.65;C=ru,o=REG3,o=Account Chamber;Счетная палата Российской Федерации;Защита информации, обеспечение инфраструктуры открытых ключей( PKI ) корпоративной информационной системы, функции удостоверяющего центра
Удостоверяющие центры;1.2.643.3.66;C=ru,o=REG3,o=FEDERAL INSTITUTE OF INDUSTRIAL PROPERTY;Федеральное государственное учреждение “Федеральный институт промышленной собственности Федеральной службы по интеллектуальной собственности, патентам и товарным знакам” Г Москва;Защита информации, обеспечение инфраструктуры открытых ключей( PKI ) корпоративной информационной системы, функции удостоверяющего центра
Удостоверяющие центры;1.2.643.3.67;C=ru,o=REG3,o=FGUP FKC Zemlya;Федеральное государственное унитарное предприятие «Федеральный кадастровый центр «Земля»;Защита информации, обеспечение инфраструктуры открытых ключей
Удостоверяющие центры;1.2.643.3.68;C=ru,o=REG3,o=SLAVSERVIS-SVYAZ;ОО О« Славсервис-Связь » г Орел;"Функции удостоверяющего центра; Информационные технологии; защита информации; обеспечение инфраструктуры открытых ключей;"
Удостоверяющие центры;1.2.643.3.69;C=ru,o=REG3,o=Information medical center,SLL;ООО «Информационный медицинский центр» г Самара;Информационные технологии, защита информации, обеспечение инфраструктуры открытых ключей
Удостоверяющие центры;1.2.643.3.70;C=ru,o=REG3,o=C=ru,o=reg3,o=The Ministry of Agriculture and Produce of the Republic of Kalmykia    ;Министерство сельского хозяйства и продовольствия Республики Калмыкия г. Элиста;обеспечение инфраструктуры открытых ключей, взаимодействие между органами государственной власти, функции удостоверяющего центра, предоставление государственных услуг с применением ЭЦП в рамках Административных регламентов Министерства сельского хозяйства и продовольствия Республики Калмыкия по технологии «единое окно», внедрение и эксплуатация систем юридически значимого электронного документооборота с применением ЭЦП в АПК Республики Калмыкия
Удостоверяющие центры;1.2.643.3.71;"C=ru,o=REG3,  o="" Garant Telecom"" Ltd";Общество с ограниченной ответственностью «Гарант Телеком» г Смоленск;Функции удостоверяющего центра
Удостоверяющие центры;1.2.643.3.72;C=ru,o=REG3,o=Moscow Engineering-Physics Institute;Государственное образовательное учреждение высшего профессионального образования «Московский инженерно-физический институт (государственный университет)» – МИФИ;Образовательная деятельность, научная деятельность, информационные технологии, защита информации, обеспечение инфраструктуры открытых ключей
Удостоверяющие центры;1.2.643.3.73;C=ru,o=REG3,o=Main Scientific Center of Information and Calculation of the FCS of Russia;СГУ «Главный научно-информационный вычислительный центр ФТС России»;Защита информации, обеспечение инфраструктуры открытых ключей
Удостоверяющие центры;1.2.643.3.74;C=ru,o=REG3,o=SyktSU RUNCRK CA   ;Государственное образовательное учреждение высшего профессионального образования «Сыктывкарский   государственный университет» (структурное подразделение Региональный учебно-научный центр по проблемам информационной безопасности в системе высшей школы РФ);Образовательная деятельность, научная деятельность, информационные технологии, защита информации, обеспечение инфраструктуры открытых ключей, функции удостоверяющего центра
Удостоверяющие центры;1.2.643.3.75;C=ru,o=REG3,o=Link-Service LTD;ООО « Линк - c ервис » г. Челябинск;Удостоверяющий центр Специализированный оператор связи в системах электронного документооборота Производитель программного обеспечения
Удостоверяющие центры;1.2.643.3.76;"C=ru,o=REG3,o=JSC ""ENERGY INDUSTRY CA """;ОАО «Удостоверяющий центр электронных цифровых подписей Электроэнергетики». г Москва;Системы юридически значимого электронного документооборота, защита информации, обеспечение инфраструктуры открытых ключей
Удостоверяющие центры;1.2.643.3.77;"C=ru,o=REG3,о="" Irkut Corporation""";ОАО «Научно-производственная корпорация «Иркут» г. Москва;Выпуск сертификатов ЭЦП
Удостоверяющие центры;1.2.643.3.78;"C=ru,o=REG3,о=""E-Portal""";"Общество с ограниченной ответственностью ""Электронный портал"" . г . Омск";Защита информации, обеспечение инфраструктуры открытых ключей
Удостоверяющие центры;1.2.643.3.79;C=ru,o=REG3,о=PACIFICA;ООО «ПАЦИФИКА» г. Москва,;Защита информации, обеспечение инфраструктуры открытых ключей
Удостоверяющие центры;1.2.643.3.80;"C=ru,o=REG3,о=""Educational centre ""Meson""";Негосударственное образовательное учреждение дополнительного образования «Учебный центр «Мезон»   г. Вологда;"Функции удостоверяющего центра; Обеспечение межведомственного взаимодействия юридически значимым электронным документооборотом   с использованием инфраструктуры открытых ключей(PKI); Защита конфиденциальной информации в части: - распространения шифровальных (криптографических) средств; - технического обслуживания шифровальных (криптографических) средств; - предоставления услуг в области шифрования информации."
Удостоверяющие центры;1.2.643.3.81;"C=ru,o=REG3,o=JSC""SBERCARD""";Закрытое акционерное общество «СБЕРКАРТА» (ЗАО «СБЕРКАРТА») гМосква;Информационные технологии, защита информации, обеспечение инфраструктуры открытых ключей, открытие подчиненных удостоверяющих центров, открытие центров регистрации, удостоверение и регистрация сертификатов ЭЦП, обеспечение юридической значимости в системах электронного документооборота.
Удостоверяющие центры;1.2.643.3.82;C=ru,o=REG3,o=Filial FGUP GNIVC FNS Rossii v Sibirskom Federalnom okruge;Филиал ФГУП ГНИВЦ ФНС России в Сибирском Федеральном округе;Удостоверяющий центр, защита информации, обеспечение инфраструктуры открытых ключей, обеспечение юридической значимости в системах электронного документооборота
Удостоверяющие центры;1.2.643.3.83;"C=ru,o=REG3,o=Novosibirsk Scientific and Technical   Centre ""Atlas"" С 20.02.2008 C=ru,o=REG3,o=Novosibirsk Filial Federal State Unitary Enterprise "" CentrInform ""  ";Новосибирский филиал ФГУП «НТЦ «Атлас»   С 20.02.2008 Новосибирский филиал федерального государственного унитарного предприятия « ЦентрИнформ » ( НвсФ ФГУП « ЦентрИнформ »)      ;Удостоверяющий центр, защита информации, обеспечение инфраструктуры открытых ключей, обеспечение юридической значимости в системах электронного документооборота
Удостоверяющие центры;1.2.643.3.84;C=ru,o=REG3,o=Integrator,Ltd;ООО «Интегратор» Республика Башкортостан;Удостоверяющий центр
Удостоверяющие центры;1.2.643.3.85;"C=ru,o=REG3,o=Co. Ltd ""FESISG ""MASCOM""";г. Хабаровск, ООО “ДСЦБИ “МАСКОМ”;Защита информации, обеспечение инфраструктуры открытых ключей, открытие центров регистрации
Удостоверяющие центры;1.2.643.3.86;"C=ru,o=REG3,o=""FORUS"" Ltd";г .И ркутск,   ООО НПФ “ Форус ”;"Защита информации; Обеспечение инфраструктуры открытых ключей; Функции удостоверяющего центра ."
Удостоверяющие центры;1.2.643.3.87;C=ru,o=REG3,o=EXPOBANK LTD;Москва Коммерческий банк “ЭКСПОБАНК”;Корпоративная информационная система, обеспечение инфраструктуры открытых ключей корпоративной информационной системы
Удостоверяющие центры;1.2.643.3.88;"C=ru,o=REG3,o=OJSC "" Electronic Moscow """;  ОАО “ Электронная Москва ” , М осква;Защита информации, обеспечение инфраструктуры открытых ключей
Удостоверяющие центры;1.2.643.3.89;"C=ru,o=REG3,o=State Enterprise National agency ""Informational center under the President of Sakha Republic""";Государственное учреждение Национальное агентство «Информационный центр при Президенте Республики Саха (Якутия)»;Защита информации, обеспечение инфраструктуры открытых ключей
Удостоверяющие центры;1.2.643.3.90;C=ru,o=REG3,o=Bezopasnie Informacionnie Tehnologii Ltd;ООО «Безопасные информационные технологии»;Предоставление услуг специализированного оператора связи (в том числе – услуг подтверждения сроков пересылки электронных документов) в системах защищенного электронного документооборота
Удостоверяющие центры;1.2.643.3.91;C=ru,o=REG3,o=Guard-inform Ltd.;ООО « Гвард-Информ » Г.Тула;Осуществление функций специализированного оператора связи в системе электронного документооборота. Организация защиты информации. Построение защищенных сетей
Удостоверяющие центры;1.2.643.3.92;C=ru,o=REG3,o=ARGO-Technology Ltd;ООО « АРГО-Технолоджи » Москва;Защита информации, обеспечение инфраструктуры открытых ключей
Удостоверяющие центры;1.2.643.3.93;C=ru,o=REG3,o=Keysystems;ООО «КЕЙСИСТЕМС» , г. Чебоксары;Функции удостоверяющего центра
Удостоверяющие центры;1.2.643.3.94;"C=ru,o=REG3,o=ZAO "" Udostoveryayuschij tsentr Moskovskoj oblasti """;Закрытое акционерное общество «УДОСТОВЕРЯЮЩИЙ ЦЕНТР МОСКОВСКОЙ ОБЛАСТИ»  ;Защита информации, обеспечение инфраструктуры открытых ключей
Удостоверяющие центры;1.2.643.3.95;C=ru,o=REG3,o=Credo-S LLC;ООО «Кредо-С» г . Тула;Защита информации, обеспечение инфраструктуры открытых ключей, открытие центров регистрации, удостоверение и регистрация сертификатов ЭЦП, услуги телематических служб, защищенные телекоммуникационные сети и системы, предоставление услуг специализированного оператора связи в системах массового защищенного электронного документооборота.
Удостоверяющие центры;1.2.643.3.96;C=ru,o=REG3,o=Moscow Research and Scientific Institute of Pediatric and Childrens Surgery;ФГУ «МНИИ педиатрии и детской хирургии Росмедтехнологий »;Защита информации, обеспечение инфраструктуры открытых ключей
Удостоверяющие центры;1.2.643.3.97;C=ru,o=REG3,o=PROTEK;ЗАО Фирма ЦВ «ПРОТЕК» (( PROTEK ) г .М осква,;Внутренний зашищенный документооборот , Фармдистрибуция
Удостоверяющие центры;1.2.643.3.98;"C=ru,o=REG3,o=""Engineering and Technical Centre"",  LTD";Общество с ограниченной ответственностью «Инженерно-технический центр», г . Хабаровск;Защита информации, обеспечение инфраструктуры открытых ключей, в том числе для корпоративных пользователей, функции удостоверяющего центра, открытие центров регистрации.
Удостоверяющие центры;1.2.643.3.99;"C=ru,o=REG3,o=Nizhny Novgorod branch Federal State Unitary Enterprise Scientific and Technical Centre ""Atlas""";Нижегородский филиал Федерального государственного унитарного предприятия «Научно-технический центр «Атлас»;Защита информации, обеспечение инфраструктуры открытых ключей
Удостоверяющие центры;1.2.643.3.100;"C=ru,o=REG3,o=Limited Liability Company ""Technical assistance center ""INFINITUM""";Общество с ограниченной ответственностью «Технический центр «ИНФИНИТУМ», г .М осква;обеспечение инфраструктуры открытых ключей для систем электронного документооборота рынка коллективных инвестиций
Удостоверяющие центры;1.2.643.3.101;C=ru,o=REG3,o=Department of the finance of Administration of city of Salekhard;Департамент финансов Администрации города Салехарда;Защита информации, обеспечение инфраструктуры открытых ключей (PKI), открытие центров регистрации
Удостоверяющие центры;1.2.643.3.102;"C=ru,o=REG3,o=LLP ""RPC ""Partner""";ООО « Регистрационно-процессинговый центр «Партнер», г .С аратов;Защита информации, обеспечение инфраструктуры открытых ключей
Удостоверяющие центры;1.2.643.3.103;C=ru,o=REG3,o=XXXXXX;Зарезервировано;Зарезервировано
Удостоверяющие центры;1.2.643.3.104;"C=ru,o=REG3,o=Ryazan branch of STC "" Atlas """;Рязанский филиал Федерального государственного унитарного предприятия «Научно-технический центр «Атлас», г .Р язань;Защита информации, обеспечение инфраструктуры открытых ключей
Удостоверяющие центры;1.2.643.3.105;C=ru,o=REG3,o=Signal-COM JSC;ЗАО « Сигнал - КОМ », гМосква;"Функции удостоверяющего центра (портал www . e - notary . ru ); услуги аутсорсинга в части организации инфраструктуры открытых ключей ( PKI ) предприятия и обслуживания корпоративных сертификатов;   разработка средств защиты информации, включая ПО для создания систем PKI («УЦ Notary - PRO » с инфраструктурой)  "
Удостоверяющие центры;1.2.643.3.106;C=ru,o=REG3,o=FGUP NPP Gamma;«Научно-производственное предприятие «Гамма» , г Москва;Удостоверяющий центр - услуги удостоверяющего центра и иные услуги в области использования электронной цифровой подписи Дополнительно - услуги в области технической и криптографической защиты информации, услуги конфиденциальной связи, услуги защищенных телематических служб и передачи данных
Удостоверяющие центры;1.2.643.3.107;"C=ru,o=REG3,o=Telecommunicational company "" Kontakt";ООО Телекоммуникационная компания “Контакт” Г.Воронеж;"-информационные технологии; - защита информации; -обеспечение инфраструктуры открытых ключей; - открытие центров регистрации"
Удостоверяющие центры;1.2.643.3.108;C=ru,o=REG3,o=Extrim pro company,Ltd;"ООО ""Компания Экстрим про"", гЕкатеринбург";Функции удостоверяющего центра. Идентификация областей использования ключей.
Удостоверяющие центры;1.2.643.3.109;;Федеральный фонд обязательного медицинского страхования, сокращенное наименование-ФОМС;Функции удостоверяющего центра. Защита информации, обеспечение инфраструктуры открытых ключей.
Удостоверяющие центры;1.2.643.3.110;"C=ru,o=REG3,o=LLC "" Kordon """;ООО «Кордон», г . Ростов-на-Дону;Удостоверяющий центр-услуги удостоверяющего центра и иные услуги в области использования ЭЦП, защита информации, обеспечение инфраструктуры открытых ключей, обеспечение юридической значимости в системах электронного документооборота
Удостоверяющие центры;1.2.643.3.111;C=ru,o=REG3,o=State Corporation on Construction of Olympic Venues and Development of Sochi as Mountain Climatic Resort;Государственная корпорация по строительству олимпийских объектов и развитию города Сочи как горноклиматического курорта;Защита информации, обеспечение инфраструктуры открытых ключей корпоративной информационной системы, функции Удостоверяющего Центра
Удостоверяющие центры;1.2.643.3.112;"C=ru,o=REG3,o=""Innovative Financial Company"" Company Limited (IFC Ltd)";Общество с ограниченной ответственностью «Инновационная Финансовая Компания» (ООО «ИФК») г .И жевск;Функции удостоверяющего центра
Удостоверяющие центры;1.2.643.3.113;C=ru,o=REG3,o=Ugra research institute of information technologies;Автономное учреждение Ханты-Мансийского автономного округа - Югры «Югорский научно-исследовательский институт информационных технологий»;Защита информации, обеспечение инфраструктуры открытых ключей, функции удостоверяющего центра
Удостоверяющие центры;1.2.643.3.114;С=ru,o=REG3,o=Overt code Ltd;ООО «Открытый код» г. Самара;Поддержание ключевой инфраструктуры, в том числе и инфраструктуры открытых ключей (PKI), удостоверение и регистрация сертификатов ЭЦП
Удостоверяющие центры;1.2.643.3.115;C=ru,o=REG3,o=ROSTA;Закрытое акционерное общество «Роста», г . Ростов-на-Дону,;Информационные технологии, защита информации, поддержание ключевой инфраструктуры, в том числе и инфраструктуры открытых ключей (PKI), удостоверение и регистрация сертификатов ЭЦП. Услуги Удостоверяющего Центра:   Поддерживается PKI -инфраструктура открытых ключей
Удостоверяющие центры;1.2.643.3.116;"C=ru,o=REG3,o=CA "" DiKey "" Ltd";ООО «УЦ « ДиКей » Удмуртская Республика, город Ижевск;Функции удостоверяющего центра, обеспечение инфраструктуры открытых ключей
Удостоверяющие центры;1.2.643.3.117;C=RU,O=REG 3,O=JSC SO UPS;Открытое акционерное общество «Системный оператор Единой энергетической системы», Москва;Регистрируемый объект и его наследники по дереву OID применяются в качестве: Удостоверяющий центр, защита информации, обеспечение инфраструктуры открытых ключей корпоративной информационной системы, обеспечение юридической значимости в системах электронного документооборота с использованием ЭЦП
Удостоверяющие центры;1.2.643.3.118;"C=ru,o=REG3,o="" Sibtel -Crypto"" Ltd";ООО « Сибтел - Крипто » “ Sibtel -Crypto” Ltd. г. Тюмень;Защита информации, обеспечение инфраструктуры открытых ключей
Удостоверяющие центры;1.2.643.3.119;C=RU,o=REG3,o=RTS Ltd;"ООО ""Русское Техническое Общество"", г Москва";Информационные технологии, обеспечение инфраструктуры открытых ключей, корпоративный удостоверяющий центр
Удостоверяющие центры;1.2.643.3.120;C=RU,o=REG3,o=Finnet-Sevice Ltd;"ООО ""ФИННЕТ-СЕРВИС""";Информационные технологии, обеспечение инфраструктуры открытых ключей, корпоративный удостоверяющий центр
Удостоверяющие центры;1.2.643.3.121;C=RU,o=REG3,o=Mos -broker;ООО « Мос-брокер » , Москва;Удостоверяющий центр
Удостоверяющие центры;1.2.643.3.122;"C=ru,o=REG3,o=State Enterprise ""Center of information technologies of Volgograd region""";Государственное учреждение «Центр информационных технологий Волгоградской области», Волгоград;Защита информации, обеспечение инфраструктуры открытых ключей
Удостоверяющие центры;1.2.643.3.123;C=ru,o=REG3,o=Certification Authority of Sberbank;Удостоверяющий центр Сбербанка России;Корпоративные информационные системы Сбербанка России ОАО, корпоративные информационные системы организаций, заключивших договор со Сбербанком России ОАО о предоставлении услуг удостоверяющего центра.
Удостоверяющие центры;1.2.643.3.124;Зарезервировано; ; 
Удостоверяющие центры;1.2.643.3.125;C=ru,o=REG3,o=TTC-Business,Ltd;Общество с ограниченной ответственностью « ТрансТелеКом - Бизнес», г .М осква;Информационные технологии, защита информации, обеспечение инфраструктуры открытых ключей, открытие подчиненных удостоверяющих центров, открытие центров регистрации, удостоверение и регистрация сертификатов ЭЦП, обеспечение юридической значимости в системах электронного документооборота.
Удостоверяющие центры;1.2.643.3.126;"C=RU,o=REG3,o="" Garant -Telecom"" Ltd";Общество с ограниченной ответственностью «Гарант-Телеком», г .С моленск;"Функции удостоверяющего центра. Разработка, внедрение и сопровождение систем электронного документооборота с использованием ЭЦП. Услуги по защите конфиденциальной информации в части: - разработки, производства шифровальных (криптографических) средств; - распространения шифровальных (криптографических) средств; - технического обслуживания шифровальных (криптографических) средств; - предоставления услуг в области шифрования информации."
Удостоверяющие центры;1.2.643.3.127;C=ru,o=REG3,o=STATE GIS CENTER   GOSGISCENTR  ;Федеральное государственное унитарное предприятие «Государственный научно-внедренческий центр геоинформационных систем и технологий»   ФГУП «ГОСГИСЦЕНТР»  ;Отраслевой удостоверяющий центр электронной цифровой подписи для цифровых топографических карт, открытых карт и навигационных карт
Удостоверяющие центры;1.2.643.3.128;C=ru,o=REG3,o=ATEK Ltd;"ООО "" АТЭК ""    ATEK,   Ltd., Н . Новгород";Использование в электронных торговых системах и в программном  обеспечении для организации юридически значимого документооборота , защиты информации, шифрования данных. Инфраструктура открытых ключей.
Удостоверяющие центры;1.2.643.3.129;"C=ru,o=REG3,o=LTD "" PermInterCom ""  ";ООО «Пермская Интернет Компания»  ;открытые ключи защита информации электронная цифровая подписьУдостоверяющий Центр АСКРИПТОР
Удостоверяющие центры;1.2.643.3.130;C=ru,o=REG3,o=Electronic express;ООО «Электронный экспресс»;Информационные технологии, Удостоверяющий центр ГАРАНТ
Удостоверяющие центры;1.2.643.3.131;C=ru,o=REG3,o=FGUP GNIVC FNS Russia;Федеральное государственное унитарное предприятие «Главный научно-исследовательский вычислительный центр Федеральной налоговой службы» (ФГУП ГНИВЦ ФНС России)  ;Защита информации, обеспечение инфраструктуры открытых ключей  
Удостоверяющие центры;1.2.643.3.132;C=ru,o=REG3,o=OOO Mechatronika  ;ООО «Компания « Мехатроника »;"Предоставление услуг специализированного оператора связи (в том числе – услуг подтверждения сроков пересылки электронных документов) в системах массового защищенного электронного документооборота; Информационные технологии, защита информации, обеспечение инфраструктуры открытых ключей;"
Удостоверяющие центры;1.2.643.3.133;C=ru,o=REG3,o=CA OOO   KavkazTexServis  ;"Общество с ограниченной ответственностью « КавказТехСервис »; г. Ставрополь,";Удостоверяющие центры
Удостоверяющие центры;1.2.643.3.134;C=ru,o=REG3,o=ZAO TaxNet  ;ЗАО « ТаксНет » Казань;Функции удостоверяющего центра, Взаимодействие между органами государственной власти. Защита информации. Обеспечение инфраструктуры открытых ключей.
Удостоверяющие центры;1.2.643.3.135;"C=ru,o=REG3,o=""NOVAG-SERVICES Society Limited"", ";Общество с Ограниченной Ответственностью «НОВАГ-СЕРВИС », Краснодарский край, г . Краснодар;Системы юридически значимого электронного документооборота, защита информации, обеспечение  инфраструктуры открытых ключей .
Удостоверяющие центры;1.2.643.3.136;C=ru,o=REG3,o=Federal service of the state registration,cadastre and cartography ( Rosreestr ) on Bashkortostan Republic                                                 ;Федеральная служба государственной регистрации, кадастра и картографии ( Росреестр ) по                                          Республике Башкортостан  ;Государственная регистрация прав на недвижимое имущество и сделок с ним, оказание государственных услуг в сфере ведения государственного кадастра недвижимости, осуществления государственного кадастрового учета недвижимого имущества, кадастровой деятельности, государственной кадастровой оценки земель, землеустройства, государственного мониторинга земель, геодезии и картографии, надзор за деятельностью саморегулируемых организаций оценщиков, контроль за деятельностью арбитражных управляющих и саморегулируемых организаций арбитражных управляющих.
Удостоверяющие центры;1.2.643.3.137;C=RU,o=REG3,o=LUKOIL-INFORM  ;Общество с ограниченной ответственностью «ЛУКОЙЛ-ИНФОРМ».  ;Информационно-технологическое обеспечение деятельности Группы «ЛУКОЙЛ»: системы юридически значимого электронного документооборота, защита информации, обеспечение инфраструктуры открытых ключей.  
Удостоверяющие центры;1.2.643.3.138;"C=ru,o=REG3,o=Regional Service Center ""Info- Buhgalter  ";ООО Региональный сервисный центр « Инфо-Бухгалтер », КБР, г .Н альчик;Удостоверяющий Центр и Специализированный оператор связи.
Удостоверяющие центры;1.2.643.3.139;"C=ru,o=REG3,o=State Enterprise ""Center of information systems of Pskov region""    ";Государственное учреждение «Центр информационных систем Псковской области»  ;Удостоверяющий центр, защита информации, обеспечение инфраструктуры открытых ключей, обеспечение юридической значимости в системах электронного документооборота.
Удостоверяющие центры;1.2.643.3.140;C=ru,o=REG3,o=Ltd Tomskaja trankovaja kompanija C 01.05.2010   C=ru,o=REG3,o=Ltd Kompleksnye uslugi bezopasnosti    ;ООО Томская транковая компания C 01.05.2010 ООО Комплексные услуги безопасности, Томск  ;"Функции удостоверяющего центра; Обеспечение инфраструктуры открытых ключей; Защита информации .  "
Удостоверяющие центры;1.2.643.3.141;C=RU,o=REG3,o=FSS  ;Фонд социального страхования Российской Федерации , Москва,;Функции удостоверяющего центра. Защита информации, обеспечение инфраструктуры открытых ключей.  
Удостоверяющие центры;1.2.643.3.141.1;C=RU,o=REG3,o=FSS,о=EIIS  ; ;Единая интегрированная информационная система Фонда социального страхования Российской Федерации (ЕИИС «СОЦСТРАХ»)
Удостоверяющие центры;1.2.643.3.141.1.1;C=RU,o=REG3,o=FSS,о=EIIS,о=REG_NUM                   ; ;Реестровый номер страхователя в системе Фонда   социального страхования Российской Федерации
Удостоверяющие центры;1.2.643.3.141.1.2;C=RU,o=REG 3,o=FSS,о=EIIS,о=KPS _ NUM; ;Код подразделения Фонда социального страхования Российской Федерации
Удостоверяющие центры;1.2.643.3.142;C=RU,o=REG3,o=NOU RNTC EKIB  ;Негосударственное образовательное учреждение «Региональный научно-технический центр экономической и информационной безопасности»     Сокращенное наименование:   НОУ «РНТЦ ЭКИБ»     г. Рязань;Образовательная деятельность Научная деятельность. Защита информации. Информационные технологии. Аттестация объектов информатизации. Функции удостоверяющего центра . Системы юридически значимого электронного документооборота
Удостоверяющие центры;1.2.643.3.143;C=RU,o=REG3,o=technokad  ;"Общество с ограниченной ответственностью "" ТехноКад "" Москва,";Защита информации, обеспечение инфраструктуры открытых ключей  
Удостоверяющие центры;1.2.643.3.144;С=ru,o=REG3,o=NOU RNTC EKIB  ;Негосударственное образовательное учреждение «Региональный научно-технический центр экономической и информационной безопасности»     Сокращенное наименование:   НОУ «РНТЦ ЭКИБ»     , г . Рязань,;Образовательная деятельность Научная деятельность. Защита информации. Информационные технологии. Аттестация объектов информатизации. Функции удостоверяющего центра . Системы юридически значимого электронного документооборота .  
Удостоверяющие центры;1.2.643.3.145;"C=ru,o=REG3,o=FSUO ""STANDARTINFORM""  ";ФГУП «СТАНДАРТИНФОРМ»  ;Удостоверяющий центр Федерального агентства по техническому регулированию и метрологии, информационные технологии, защита информации, обеспечение инфраструктуры открытых ключей, системы электронного документооборота с использованием ЭЦП , обеспечение юридической значимости в системах электронного документооборота.
Удостоверяющие центры;1.2.643.3.146;"C=ru,o=REG 3,o=ЗАО ""Центр информационной безопасности""";ЗАО «Центр информационной безопасности» Г.Новосибирск;"Удостоверяющий центр; Формирование ЭЦП; выпуск сертификатов ЭЦП"
Удостоверяющие центры;1.2.643.3.147;"C=ru,o=REG3,o="" Infoline "",Ltd";ООО “ИНФОЛАЙН” г. Петрозаводск, ул.  ;Информационные технологии, защита информации, обеспечение инфраструктуры открытых ключей
Удостоверяющие центры;1.2.643.3.148;C=ru,o=REG3,o=ООО Evrica;ООО “Эврика”,   Россия, г . Ульяновск,;Открытые ключи, виртуальные частные сети (VPN), защита информации, шифрование данных, удостоверение и регистрация сертификатов ЭЦП
Удостоверяющие центры;1.2.643.3.149;C=ru,o=REG3,o=Moscow State Institute Of Electronics And Mathematics (Technical University).;Государственное образовательное учреждение высшего профессионального образования «Московский государственный институт электроники и математики (технический университет)».;Удостоверяющий центр. Выполнение функций удостоверяющего центра, внутренний защищенный документооборот.
Удостоверяющие центры;1.2.643.3.150;"C=ru,o=REG3,o=LLC "" CryptoStandart ""  ";ООО « КриптоСтандарт », г. Ростов-на-Дону,;Удостоверяющий центр. Услуги удостоверяющего центра и иные услуги в области использования ЭЦП, защита информации, обеспечение инфраструктуры открытых ключей, обеспечение юридической значимости в системах электронного документооборота
Удостоверяющие центры;1.2.643.3.151;"C=ru,o=REG3,o="" С enter of information protection "" Grif "".  ";ООО «Центр защиты информации «Гриф »., Томск    ;Защита информации, обеспечение инфраструктуры открытых ключей, информационные технологии, разработка программного обеспечения.
Удостоверяющие центры;1.2.643.3.152; ; ; 
Удостоверяющие центры;1.2.643.3.153;"C=ru,o=REG 3,o==Закрытое акционерное общество ""Специализированный Пенсионный Администратор""  ";«Специализированный Пенсионный Администратор» г . Москва  ;Удостоверяющие центры ( Услуги удостоверяющего центра )
Удостоверяющие центры;1.2.643.3.154;"C=ru,o=REG3,o=Federal state unitary enterprise "" ZaschitaInfoTrans of the Ministry of Transport of the Russian Federation""";СПбФ ФГУП « ЗащитаИнфоТранс » , г . Санкт-Петербург  ;Удостоверяющий центр .
Удостоверяющие центры;1.2.643.3.155;"C=ru,o=REG3,o=NP ""Russian Trading System"" Stock Exchange  ";Некоммерческое партнерство «Фондовая биржа «Российская Торговая Система»  ;Функции удостоверяющего центра, Системы электронного документооборота с использованием ЭЦП, защита информации, инфраструктура открытых ключей
Удостоверяющие центры;1.2.643.3.156;C=ru,o=REG3,o=Key-L Ltd.  ;ООО «Ключ-Л» (Удостоверяющий центр) г. Челябинск;Информационные технологии, защита информации, обеспечение инфраструктуры открытых ключей, открытие центров регистрации
Удостоверяющие центры;1.2.643.3.157;"C=ru,o=REG3,o=""Digital control systems"" Ltd (DCS Ltd),                ";«Digital control systems» Ltd (DCS Ltd),   г . Калининград;Удостоверяющий центр, обеспечение инфраструктуры открытых ключей, защита информации
БАНКИ;1.2.643.4;C=RU,o=REG4;;Регистрация объектов, связанных с банковской деятельностью
БАНКИ;1.2.643.4.1;C=RU,o=REG4,o=IMPEXBANK (c 23.11.2007)     C=ru,o=REG4,o=RAIFFEISENBANK;ОАО “ Импексбак ( c 23.11.2007)     Закрытое акционерное общество « Райффайзенбанк »  ;Использование в программном обеспечении системы электронного документооборота предприятия   Корпоративная информационная система, обеспечение инфраструктуры открытых ключей корпоративной информационной системы
БАНКИ;1.2.643.4.2;C=RU,o=REG4,o=BANK SEVERNAYA KAZNA;Банк “Северная казна” ОАО;Корпоративная информационная система
БАНКИ;1.2.643.4.3;C=RU,o=REG4,o=ALFA-BANK;"ОАО ""Альфа-Банк""";Использование в программном обеспечении банка ,с вязанным с обменом электронными документами
БАНКИ;1.2.643.4.4;C=RU,o=REG4,o=V.Bank;Банк Возрождение (ОАО);Корпоративная информационная система, обеспечение инфраструктуры открытых ключей корпоративной информационной системы
БАНКИ;1.2.643.4.5;C=RU,o=REG4,o=JSC METKOMBANK;"ОАО ""МЕТКОМБАНК""";Корпоративная информационная система, обеспечение инфраструктуры открытых ключей корпоративной информационной системы
БАНКИ;1.2.643.4.6;"C=RU,o=REG4,o=Public Joint-Stock Company "" Baltiyskiy Bank""";ОАО « Балтийский Банк »;Защита информации, обеспечение инфраструктуры открытых ключей
БАНКИ;1.2.643.4.7(до16.06.2008–Славинвестбанк);C=RU,o=REG4,o=BTA Bank;«БТА Банк»;Использование в программном   обеспечении банка, связанным с обменом электронными документами.
БАНКИ;1.2.643.4.8;C=ru,o=REG4,o=EXPOBANK LTD;Коммерческий банк “ЭКСПОБАНК”;Корпоративная информационная система, обеспечение инфраструктуры открытых ключей корпоративной информационной системы
БАНКИ;1.2.643.4.9;C=ru,o=REG4,o=JOINT-STOCK BANK REGION;"Акционерный банк «Регион» (открытое акционерное общество); г. Ярославль,";Использование в программном   обеспечении банка, связанным с обменом электронными документами.
БАНКИ;1.2.643.4.10;"C=ru,o=REG4,o=JSC""Krayinvestbank """;Открытое акционерное общество «Краснодарский краевой инвестиционный банк», г .К раснодар;Кредитная организация, действующая на основании лицензии Банка России. (Корпоративная информационная система, обеспечение инфраструктуры открытых ключей корпоративной информационной системы)
БАНКИ;1.2.643.4.11;C=ru,o=REG4,o=Kedr JCSC CB;ЗАО КБ «КЕДР», г .К расноярск;Защита информации. Обеспечение инфраструктуры открытых ключей в корпоративных системах электронного документооборота.
БАНКИ;1.2.643.4.12;"C=ru,o=REG4,o=OJSC ""URALSIB""";"Открытое акционерное общество ""БАНК УРАЛСИБ""";Защита информации. Обеспечение инфраструктуры открытых ключей в корпоративных системах электронного документооборота.
БАНКИ;1.2.643.4.13;"C=ru,o=REG4,o=O JSC ""Russ-Bank""";ОАО «Русь-Банк»;Использование в системах электронного документооборота Банка
БАНКИ;1.2.643.4.14;C=ru,o=REG4,o=GPB (O JSC);""" Газпромбанк "" (Открытое акционерное общество) Москва";Защита информации. Обеспечение инфраструктуры открытых ключей в корпоративных системах электронного документооборота.
БАНКИ;1.2.643.4.15;C=ru,o=REG4,o=  SKB-BANK;"ОАО "" СКБ - банк "" Екатеринбург";Функции удостоверяющего центра. Обеспечение инфраструктуры открытых ключей в корпоративных системах электронного документооборота.
БАНКИ;1.2.643.4.16;"C=ru,o=REG4,o=  Joint-Stock Commercial Bank ""Moscow Bank for Reconstruction and Development""";Акционерный Коммерческий Банк «Московский Банк Реконструкции и Развития» (открытое акционерное общество) АКБ « МБРР » ( ОАО )  ;Защита информации, обеспечение инфраструктуры открытых ключей .  
БАНКИ;1.2.643.4.17;C=ru,o=REG4,o=Rosselkhozbank  ;Открытое Акционерное Общество «Российский Сельскохозяйственный банк» (ОАО « Россельхозбанк ») гМосква;Защита информации. Обеспечение инфраструктуры открытых ключей в корпоративных системах электронного документооборота
БАНКИ;1.2.643.4.18;C=ru,o=REG4,o=Joint Stock Commercial Bank INVESTBANK Open-end JSC  ;Акционерный коммерческий банк « Инвестбанк » (открытое акционерное общество)  ;Защита информации, обеспечение инфраструктуры открытых ключей.
Органы государственной власти;1.2.643.5;C=RU,o=REG5;;Регистрация объектов, связанных с государственной деятельностью
"Федеральные органы исполнительной власти (в соответствии с Указом Президента Российской Федерации от 12 мая 2008 года N 724 г. ""Вопросы системы и структуры федеральных органов исполнительной власти"" с учетом изменений, включая 19 января 2010 года)";1.2.643.5.1.1; ;Министерство внутренних дел Российской Федерации; 
"Федеральные органы исполнительной власти (в соответствии с Указом Президента Российской Федерации от 12 мая 2008 года N 724 г. ""Вопросы системы и структуры федеральных органов исполнительной власти"" с учетом изменений, включая 19 января 2010 года)";1.2.643.5.1.2; ;Министерство Российской Федерации по делам гражданской обороны, чрезвычайным ситуациям и ликвидации последствий стихийных бедствий; 
"Федеральные органы исполнительной власти (в соответствии с Указом Президента Российской Федерации от 12 мая 2008 года N 724 г. ""Вопросы системы и структуры федеральных органов исполнительной власти"" с учетом изменений, включая 19 января 2010 года)";1.2.643.5.1.3; ;Министерство иностранных дел Российской Федерации; 
"Федеральные органы исполнительной власти (в соответствии с Указом Президента Российской Федерации от 12 мая 2008 года N 724 г. ""Вопросы системы и структуры федеральных органов исполнительной власти"" с учетом изменений, включая 19 января 2010 года)";1.2.643.5.1.4; ;Министерство обороны Российской Федерации; 
"Федеральные органы исполнительной власти (в соответствии с Указом Президента Российской Федерации от 12 мая 2008 года N 724 г. ""Вопросы системы и структуры федеральных органов исполнительной власти"" с учетом изменений, включая 19 января 2010 года)";1.2.643.5.1.5; ;Министерство юстиции Российской Федерации; 
"Федеральные органы исполнительной власти (в соответствии с Указом Президента Российской Федерации от 12 мая 2008 года N 724 г. ""Вопросы системы и структуры федеральных органов исполнительной власти"" с учетом изменений, включая 19 января 2010 года)";1.2.643.5.1.6; ;Государственная фельдъегерская служба Российской Федерации (федеральная служба); 
"Федеральные органы исполнительной власти (в соответствии с Указом Президента Российской Федерации от 12 мая 2008 года N 724 г. ""Вопросы системы и структуры федеральных органов исполнительной власти"" с учетом изменений, включая 19 января 2010 года)";1.2.643.5.1.7; ;Служба внешней разведки Российской Федерации (федеральная служба); 
"Федеральные органы исполнительной власти (в соответствии с Указом Президента Российской Федерации от 12 мая 2008 года N 724 г. ""Вопросы системы и структуры федеральных органов исполнительной власти"" с учетом изменений, включая 19 января 2010 года)";1.2.643.5.1.8; ;Федеральная служба безопасности Российской Федерации (федеральная служба); 
"Федеральные органы исполнительной власти (в соответствии с Указом Президента Российской Федерации от 12 мая 2008 года N 724 г. ""Вопросы системы и структуры федеральных органов исполнительной власти"" с учетом изменений, включая 19 января 2010 года)";1.2.643.5.1.9; ;Федеральная служба Российской Федерации по контролю за оборотом наркотиков (федеральная служба); 
"Федеральные органы исполнительной власти (в соответствии с Указом Президента Российской Федерации от 12 мая 2008 года N 724 г. ""Вопросы системы и структуры федеральных органов исполнительной власти"" с учетом изменений, включая 19 января 2010 года)";1.2.643.5.1.10; ;Федеральная служба охраны Российской Федерации (федеральная служба); 
"Федеральные органы исполнительной власти (в соответствии с Указом Президента Российской Федерации от 12 мая 2008 года N 724 г. ""Вопросы системы и структуры федеральных органов исполнительной власти"" с учетом изменений, включая 19 января 2010 года)";1.2.643.5.1.11; ;Главное управление специальных программ Президента Российской Федерации (федеральное агентство); 
"Федеральные органы исполнительной власти (в соответствии с Указом Президента Российской Федерации от 12 мая 2008 года N 724 г. ""Вопросы системы и структуры федеральных органов исполнительной власти"" с учетом изменений, включая 19 января 2010 года)";1.2.643.5.1.12; ;Управление делами Президента Российской Федерации (федеральное агентство); 
"Федеральные органы исполнительной власти (в соответствии с Указом Президента Российской Федерации от 12 мая 2008 года N 724 г. ""Вопросы системы и структуры федеральных органов исполнительной власти"" с учетом изменений, включая 19 января 2010 года)";1.2.643.5.1.13; ;Министерство здравоохранения и социального развития Российской Федерации; 
"Федеральные органы исполнительной власти (в соответствии с Указом Президента Российской Федерации от 12 мая 2008 года N 724 г. ""Вопросы системы и структуры федеральных органов исполнительной власти"" с учетом изменений, включая 19 января 2010 года)";1.2.643.5.1.14; ;Министерство культуры Российской Федерации; 
"Федеральные органы исполнительной власти (в соответствии с Указом Президента Российской Федерации от 12 мая 2008 года N 724 г. ""Вопросы системы и структуры федеральных органов исполнительной власти"" с учетом изменений, включая 19 января 2010 года)";1.2.643.5.1.15; ;Министерство образования и науки Российской Федерации; 
"Федеральные органы исполнительной власти (в соответствии с Указом Президента Российской Федерации от 12 мая 2008 года N 724 г. ""Вопросы системы и структуры федеральных органов исполнительной власти"" с учетом изменений, включая 19 января 2010 года)";1.2.643.5.1.16; ;Министерство природных ресурсов и экологии Российской Федерации; 
"Федеральные органы исполнительной власти (в соответствии с Указом Президента Российской Федерации от 12 мая 2008 года N 724 г. ""Вопросы системы и структуры федеральных органов исполнительной власти"" с учетом изменений, включая 19 января 2010 года)";1.2.643.5.1.17; ;Министерство промышленности и торговли Российской Федерации; 
"Федеральные органы исполнительной власти (в соответствии с Указом Президента Российской Федерации от 12 мая 2008 года N 724 г. ""Вопросы системы и структуры федеральных органов исполнительной власти"" с учетом изменений, включая 19 января 2010 года)";1.2.643.5.1.18; ;Министерство регионального развития Российской Федерации; 
"Федеральные органы исполнительной власти (в соответствии с Указом Президента Российской Федерации от 12 мая 2008 года N 724 г. ""Вопросы системы и структуры федеральных органов исполнительной власти"" с учетом изменений, включая 19 января 2010 года)";1.2.643.5.1.19; ;Министерство связи и массовых коммуникаций Российской Федерации; 
"Федеральные органы исполнительной власти (в соответствии с Указом Президента Российской Федерации от 12 мая 2008 года N 724 г. ""Вопросы системы и структуры федеральных органов исполнительной власти"" с учетом изменений, включая 19 января 2010 года)";1.2.643.5.1.20; ;Министерство сельского хозяйства Российской Федерации; 
"Федеральные органы исполнительной власти (в соответствии с Указом Президента Российской Федерации от 12 мая 2008 года N 724 г. ""Вопросы системы и структуры федеральных органов исполнительной власти"" с учетом изменений, включая 19 января 2010 года)";1.2.643.5.1.21; ;Министерство спорта, туризма и молодежной политики Российской Федерации; 
"Федеральные органы исполнительной власти (в соответствии с Указом Президента Российской Федерации от 12 мая 2008 года N 724 г. ""Вопросы системы и структуры федеральных органов исполнительной власти"" с учетом изменений, включая 19 января 2010 года)";1.2.643.5.1.22; ;Министерство транспорта Российской Федерации; 
"Федеральные органы исполнительной власти (в соответствии с Указом Президента Российской Федерации от 12 мая 2008 года N 724 г. ""Вопросы системы и структуры федеральных органов исполнительной власти"" с учетом изменений, включая 19 января 2010 года)";1.2.643.5.1.23; ;Министерство финансов Российской Федерации; 
"Федеральные органы исполнительной власти (в соответствии с Указом Президента Российской Федерации от 12 мая 2008 года N 724 г. ""Вопросы системы и структуры федеральных органов исполнительной власти"" с учетом изменений, включая 19 января 2010 года)";1.2.643.5.1.24; ;Министерство экономического развития Российской Федерации; 
"Федеральные органы исполнительной власти (в соответствии с Указом Президента Российской Федерации от 12 мая 2008 года N 724 г. ""Вопросы системы и структуры федеральных органов исполнительной власти"" с учетом изменений, включая 19 января 2010 года)";1.2.643.5.1.24.1;C=ru,o=REG5,o=Rosstat  ;Федеральная служба государственной статистики;Удостоверяющий центр для внутреннего корпоративного документооборота
"Федеральные органы исполнительной власти (в соответствии с Указом Президента Российской Федерации от 12 мая 2008 года N 724 г. ""Вопросы системы и структуры федеральных органов исполнительной власти"" с учетом изменений, включая 19 января 2010 года)";1.2.643.5.1.24.2;C=ru,o=REG 5,o=Росреестр;Федеральная служба государственной регистрации, кадастра и картографии;Предоставление государственных услуг и исполнение государственных функций в электронном виде в сфере государственной регистрации прав на недвижимое имущество и сделок с ним, осуществления государственного кадастрового учета недвижимого имущества
"Федеральные органы исполнительной власти (в соответствии с Указом Президента Российской Федерации от 12 мая 2008 года N 724 г. ""Вопросы системы и структуры федеральных органов исполнительной власти"" с учетом изменений, включая 19 января 2010 года)";1.2.643.5.1.24.3; ;Федеральное агентство по государственным резервам; 
"Федеральные органы исполнительной власти (в соответствии с Указом Президента Российской Федерации от 12 мая 2008 года N 724 г. ""Вопросы системы и структуры федеральных органов исполнительной власти"" с учетом изменений, включая 19 января 2010 года)";1.2.643.5.1.24.4; ;Федеральное агентство по управлению государственным имуществом; 
"Федеральные органы исполнительной власти (в соответствии с Указом Президента Российской Федерации от 12 мая 2008 года N 724 г. ""Вопросы системы и структуры федеральных органов исполнительной власти"" с учетом изменений, включая 19 января 2010 года)";1.2.643.5.1.25; ;Министерство энергетики Российской Федерации; 
"Федеральные органы исполнительной власти (в соответствии с Указом Президента Российской Федерации от 12 мая 2008 года N 724 г. ""Вопросы системы и структуры федеральных органов исполнительной власти"" с учетом изменений, включая 19 января 2010 года)";1.2.643.5.1.26; ;Федеральная антимонопольная служба; 
"Федеральные органы исполнительной власти (в соответствии с Указом Президента Российской Федерации от 12 мая 2008 года N 724 г. ""Вопросы системы и структуры федеральных органов исполнительной власти"" с учетом изменений, включая 19 января 2010 года)";1.2.643.5.1.27; ;Федеральная таможенная служба; 
"Федеральные органы исполнительной власти (в соответствии с Указом Президента Российской Федерации от 12 мая 2008 года N 724 г. ""Вопросы системы и структуры федеральных органов исполнительной власти"" с учетом изменений, включая 19 января 2010 года)";1.2.643.5.1.28; ;Федеральная служба по регулированию алкогольного рынка; 
"Федеральные органы исполнительной власти (в соответствии с Указом Президента Российской Федерации от 12 мая 2008 года N 724 г. ""Вопросы системы и структуры федеральных органов исполнительной власти"" с учетом изменений, включая 19 января 2010 года)";1.2.643.5.1.29; ;Федеральная служба по тарифам; 
"Федеральные органы исполнительной власти (в соответствии с Указом Президента Российской Федерации от 12 мая 2008 года N 724 г. ""Вопросы системы и структуры федеральных органов исполнительной власти"" с учетом изменений, включая 19 января 2010 года)";1.2.643.5.1.30; ;Федеральная служба по финансовому мониторингу; 
"Федеральные органы исполнительной власти (в соответствии с Указом Президента Российской Федерации от 12 мая 2008 года N 724 г. ""Вопросы системы и структуры федеральных органов исполнительной власти"" с учетом изменений, включая 19 января 2010 года)";1.2.643.5.1.31; ;Федеральная служба по финансовым рынкам; 
"Федеральные органы исполнительной власти (в соответствии с Указом Президента Российской Федерации от 12 мая 2008 года N 724 г. ""Вопросы системы и структуры федеральных органов исполнительной власти"" с учетом изменений, включая 19 января 2010 года)";1.2.643.5.1.32; ;Федеральное космическое агентство; 
"Федеральные органы исполнительной власти (в соответствии с Указом Президента Российской Федерации от 12 мая 2008 года N 724 г. ""Вопросы системы и структуры федеральных органов исполнительной власти"" с учетом изменений, включая 19 января 2010 года)";1.2.643.5.1.33; ;Федеральное агентство по обустройству государственной границы Российской Федерации; 
"Федеральные органы исполнительной власти (в соответствии с Указом Президента Российской Федерации от 12 мая 2008 года N 724 г. ""Вопросы системы и структуры федеральных органов исполнительной власти"" с учетом изменений, включая 19 января 2010 года)";1.2.643.5.1.34; ;Федеральное агентство по поставкам вооружения, военной, специальной техники и материальных средств; 
"Федеральные органы исполнительной власти (в соответствии с Указом Президента Российской Федерации от 12 мая 2008 года N 724 г. ""Вопросы системы и структуры федеральных органов исполнительной власти"" с учетом изменений, включая 19 января 2010 года)";1.2.643.5.1.35; ;Федеральное агентство по рыболовству; 
Орган законодательной власти;1.2.643.5.2;C=ru,o=State Duma of Federal assembly of the Russian Federation;Аппарат Государственной Думы Федерального Собрания Российской Федерации;Удостоверяющий центр Государственной Думы Федерального Собрания Российской Федерации, взаимодействие между органами государственной власти, информационные технологии, защита информации, обеспечение инфраструктуры открытых ключей, системы электронного документооборота с использованием ЭЦП
Субъекты Российской Федерации (номера в соответствии с автомобильными кодами регионов);1.2.643.5.3;C=RU,o=REG5,o=SRF;; 
Субъекты Российской Федерации (номера в соответствии с автомобильными кодами регионов);1.2.643.5.3.2;C=ru,o=REG5,o=Republic of Bashkortostan State Power Bodies;Органы государственной власти Республики Башкортостан;Удостоверяющий центр органов государственной власти Республики Башкортостан, взаимодействие между органами государственной власти Республики Башкортостан, информационные технологии, защита информации, обеспечение инфраструктуры открытых ключей, системы электронного документооборота с использованием ЭЦП
Субъекты Российской Федерации (номера в соответствии с автомобильными кодами регионов);1.2.643.5.3.11;"C=ru,o=REG5,o=State Agency Republic of Komi ""Center of Information Technology""";Государственное учреждение Республики Коми «Центр информационных технологий»;Удостоверяющий центр органов государственной власти Республики Коми, взаимодействие между органами государственной власти Республики Коми и муниципальными образованиями Республики Коми, информационные технологии, защита информации, обеспечение инфраструктуры открытых ключей, системы электронного документооборота с использованием ЭЦП, использование ЭЦП в электронных торговых системах.
Субъекты Российской Федерации (номера в соответствии с автомобильными кодами регионов);1.2.643.5.3.21;C=ru,o=REG5,o=  The State committee of the Chuvash Republic on communication and IT.    ;Государственный комитет Чувашской Республики по связи и информатизации, сокращенное наименование – Госкомсвязьинформ Чувашии  ;Удостоверяющий центр органов исполнительной власти Чувашской Республики, взаимодействие между органами государственной власти Чувашской Республики информационные технологии, защита информации, обеспечение инфраструктуры открытых ключей, системы электронного документооборота с использованием ЭЦП. Разработка и реализация государственной политики в области связи, телекоммуникаций и информатизации, развитие инфокоммуникационной инфраструктуры Чувашской Республики.
Субъекты Российской Федерации (номера в соответствии с автомобильными кодами регионов);1.2.643.5.3.59;C=RU,o=REG5,o=SRF,O=Administration of Perm region;Аппарат администрации Пермской области;Информационные технологии,   обеспечение инфраструктуры открытых ключей.
Прочие организации;1.2.643.6;C=RU,o=REG 6;;Регистрация объектов, связанных c деятельностью, не указанной выше
Прочие организации;1.2.643.6.1;;зарезервировано;
Прочие организации;1.2.643.6.2;C=RU,o=REG6,o=FRSD  ;ЗАО «Первый Специализированный Депозитарий», г Москва;Деятельность на рынке паевых инвестиционных фондов. Организация систем электронного документооборота.
Прочие организации;1.2.643.6.3;C=RU,o=REG6,o=Association of Electronic Trade Platforms  ;Ассоциация Электронных Торговых Площадок;Использование в электронных торговых системах и в программном   обеспечении, связанном с обменом электронными документами.
Прочие организации;1.2.643.6.4;C=ru,o=REG3,o=Settlement depository company (Closed Joint Stock Company);"Закрытое акционерное общество ""Расчетно-депозитарная компания""";Использование в электронных торговых системах и в программном  обеспечении, связанном с обменом электронными документами.
Прочие организации;1.2.643.6.5;"C=ru,o=REG 6,o=Закрытое акционерное общество ""Специализированный Пенсионный Администратор""  ";Закрытое акционерное общество «Специализированный Пенсионный Администратор»  ;Деятельность на рынке обслуживания негосударственных пенсионных фондов. Организация систем электронного документооборота.
Прочие организации;1.2.643.6.6;"C=ru,o=REG6,o=""Atlas- 2"",  JSC";Закрытое акционерное общество «Атлас-2»   г. Владивосток ул.;"ДЕЛОВАЯ СЕТЬ - системы, сервисы и средства обработки документированной информации; платежные системы."
