Фамилия;Имя;Отчество;День рождения;Должность?;Состоит в комитетах;Дата подтверждения полномочий;Срок окончания полномочий;Адрес email;Телефоны;Адрес приемной в субъекте Российской Федерации;Телефоны приемной в субъекте Российской Федерации;ID региона
Агапов;Борис;Николаевич;06.02.1946;Представитель от исполнительного органа государственной власти  Сахалинской области;Заместитель председателя Комиссии Совета Федерации по взаимодействию со Счетной палатой Российской Федерации, Член Комитета Совета Федерации по правовым и судебным вопросам, Член Комиссии Совета Федерации по контролю за обеспечением деятельности Совета Федерации;12.10.2005;август 2007;BNAgapov@council.gov.ru;692-62-90,986-60-01;693011, г. Южно-Сахалинск, Коммунистическмй просп., д. 39;(8-424-2) 46-91-01;280091
Айбазов;Ратмир;Умарович;12.04.1955;Представитель от исполнительного органа государственной власти Карачаево-Черкесской Республики;Член Комитета Совета Федерации по правовым и судебным вопросам, Член Комиссии Совета Федерации по контролю за обеспечением деятельности Совета Федерации;17.06.2009;сентябрь 2013;RUAybazov@council.gov.ru;692-08-90, 697-80-82, 697-91-76,986-60-74;;;279900
Александров;Алексей;Иванович;03.05.1952;Представитель от законодательного (представительного) органа государственной власти  Калужской области;Председатель Комитета Совета Федерации по конституционному законодательству;12.04.2004;март 2015;Aleksandrov@council.gov.ru;692-18-97,986-65-67;248600, Калуга, пл.Старый Торг, д.2, каб.414;(8-484-2) 57-50-00;280004
Аленичев;Дмитрий;Анатольевич;20.10.1972;Представитель от законодательного (представительного) органа государственной власти Омской области;Член Комитета Совета Федерации по обороне и безопасности, Член Комиссии Совета Федерации по Регламенту и организации парламентской деятельности, Член Комиссии Совета Федерации по физической культуре, спорту и развитию олимпийского движения;06.07.2007;март 2012;DAAlenichev@council.gov.ru;697-79-78,6-75-94;644002, г. Омск, ул. Красный путь, д. 1;(8-381-2) 23-15-80;280058
Алиханов;Девлетхан;Медетханович;19.08.1958;Представитель от исполнительного органа государственной власти Республики Карелия;Член Комиссии Совета Федерации по Регламенту и организации парламентской деятельности, Член Комитета Совета Федерации по экономической политике, предпринимательству и собственности;17.03.2010;март 2011;DMAlihanov@council.gov.ru;692-63-87,986-64-34;;;279904
Алтынбаев;Рафгат;Закиевич;21.09.1948;Представитель от исполнительного органа государственной власти Рязанской области;Председатель Комитета Совета Федерации по делам Федерации и региональной политике, Член Комиссии Совета Федерации по Регламенту и организации парламентской деятельности;21.09.2005;апрель 2013;RZAltynbaev@council.gov.ru;692-61-45,986-61-65, 986-62-10;г. Рязань, ул. Ленина, д.30;(8-491-2) 29-63-06;280082
Ананьев;Дмитрий;Николаевич;19.02.1969;Представитель от законодательного (представительного) органа государственной власти Ямало-Ненецкого автономного округа;Председатель Комитета Совета Федерации по финансовым рынкам и денежному обращению, Член Комиссии Совета Федерации по Регламенту и организации парламентской деятельности;25.09.2006;март 2015;Ananiev@council.gov.ru;692-67-12,986-69-54;Москва, Славянская площ., д.2, 629008, г. Салехард, ул. Республики, д. 72;"(8-495) 221-36-00; (8-349-22) т./факс 4-71-47";280119
Аслаханов;Асламбек;Ахмедович;11.03.1942;Представитель от исполнительного органа государственной власти Омской области;Член Комиссии Совета Федерации по взаимодействию со Счетной палатой Российской Федерации, Член Комитета Совета Федерации по международным делам, Член Комиссии Совета Федерации по физической культуре, спорту и развитию олимпийского движения;11.07.2008;май 2012;AAAslahanov@council.gov.ru;695-87-33,6-77-33, 986-65-46;;;280058
Атанов;Егор;Васильевич;28.04.1964;Представитель от законодательного (представительного) органа государственной власти Тульской области;Заместитель председателя Комитета Совета Федерации по образованию и науке, Член Комиссии Совета Федерации по естественным монополиям;16.12.2009;октябрь 2014;EVAtanov@council.gov.ru;692-66-21,986-60-80;;;280109
Бабичев;Владимир;Степанович;11.01.1939;Представитель от законодательного (представительного) органа государственной власти Республики Калмыкия;Заместитель председателя Комитета Совета Федерации по делам Содружества Независимых Государств, Член Комиссии Совета Федерации по взаимодействию со Счетной палатой Российской Федерации, Член Комиссии Совета Федерации по естественным монополиям;03.02.2010;март 2013;VSBabichev@council.gov.ru;623-31-07ф, 629-11-90,986-60-31;;;279898
Бажанов;Сергей;Викторович;23.08.1954;Представитель от законодательного (представительного) органа государственной власти Ульяновской области;Заместитель председателя Комитета Совета Федерации по финансовым рынкам и денежному обращению, Член Комиссии Совета Федерации по физической культуре, спорту и развитию олимпийского движения;26.11.2008;март 2013;SVBazhanov@council.gov.ru;692-41-16,986-68-00;432970, г. Ульяновск, ул. Радищева, д. 1;(8-842-2) 41-24-15, 44-06-04, факс 44-07-93;280122
Байдавлетов;Рафаэль;Ибрагимович;16.08.1943;Представитель от исполнительного органа государственной власти Республики Башкортостан;Заместитель председателя Комитета Совета Федерации по делам Федерации и региональной политике;16.04.2008;октябрь 2011;RIBaydavletov@council.gov.ru;697-58-76,986-69-35;450000, г. Уфа, ул. Цюрупы, д. 17, каб.414;;279883
Беков;Сергей;Мажитович;27.11.1939;Представитель от исполнительного органа государственной власти Агинского Бурятского автономного округа;Заместитель председателя Комитета Совета Федерации по конституционному законодательству, Член Комиссии Совета Федерации по естественным монополиям, Член Комиссии Совета Федерации по жилищной политике и жилищно-коммунальному хозяйству;14.07.2006;январь 2010;SMBekov@council.gov.ru;623-61-66, 697-78-14,986-68-14;"687000, Читинская обл., пос. Агинское, ул. Базара Ринчино, д. 92; (8-302-39) 3-55-96";;1649002
Белов;Леонид;Александрович;15.05.1947;Представитель от законодательного (представительного) органа государственной власти Нижегородской области;Заместитель председателя Комитета Совета Федерации по конституционному законодательству, Член Комиссии Совета Федерации по информационной политике;23.06.2006;март 2011;LABelov@council.gov.ru;692-64-47,986-64-97;603082 г.Нижний Новгород, Кремль, к.2, комн.100;(8-831) 349-00-13;280050
Белоусов;Сергей;Владимирович;04.02.1955;Представитель от законодательного (представительного) органа государственной власти Алтайского края;Заместитель председателя Комиссии Совета Федерации по жилищной политике и жилищно-коммунальному хозяйству, Член Комитета Совета Федерации по аграрно-продовольственной политике и рыбохозяйственному комплексу;29.12.2008;март 2012;SVBelousov@council.gov.ru;692-75-41, 697-57-54,986-60-23;;;279938
Бирюков;Юрий;Станиславович;07.03.1948;Представитель от исполнительного органа государственной власти Ненецкого автономного округа;Заместитель председателя Комитета Совета Федерации по правовым и судебным вопросам, Член Комиссии Совета Федерации по Регламенту и организации парламентской деятельности, Член Комиссии Совета Федерации по контролю за обеспечением деятельности Совета Федерации;22.12.2006;февраль 2014;JuSBirjukov@council.gov.ru;697-56-65,986-67-20;164700, г. Нарьян-Мар, ул. Смидовича, д. 20;(818-53) 4-21-13, 4-22-69 факс;279969
Богданов;Виталий;Анатольевич;06.10.1953;Представитель от исполнительного органа государственной власти Курской области;Заместитель председателя Комиссии Совета Федерации по информационной политике, Член Комитета Совета Федерации по экономической политике, предпринимательству и собственности;23.06.2006;март 2015;VABogdanov@council.gov.ru;692-41-50,986-61-09;305002, г. Курск, Красная пл., д. 6, под. 5, офис 32;(8-471-2) 56-59-00 т/факс;280023
Борисов;Александр;Александрович;17.08.1974;Представитель от  законодательного (представительного) органа государственной власти Псковской области;Заместитель председателя Комиссии Совета Федерации по делам молодежи и туризму, Член Комитета Совета Федерации по вопросам местного самоуправления;13.05.2009;март 2012;AABorisov@council.gov.ru;692-59-10,986-62-91;;;280076
Брынцалов;Игорь;Юрьевич;07.06.1971;Представитель от законодательного (представительного) органа государственной власти Московской области;Первый заместитель председателя Комитета Совета Федерации по образованию и науке, Член Комиссии Совета Федерации по культуре, Член Комиссии Совета Федерации по вопросам развития институтов гражданского общества;16.01.2002;март 2012;IYBryncalov@council.gov.ru;692-80-77,986-65-22;103070, г. Москва, Старая пл., д. 6;(495) 606-71-73, факс 606-71-62;280044
Бушмин;Евгений;Викторович;04.10.1958;Представитель от исполнительного органа государственной власти Ростовской области;Председатель Комитета Совета Федерации по бюджету;21.09.2005;;EVbushmin@council.gov.ru;692-12-83,986-62-83;344050, г. Ростов на Дону, просп. Соколова, д.15, ком. 24;240-59-31 т/факс;280079
Василишин;Эдуард;Николаевич;12.08.1967;Представитель от законодательного (представительного) органа государственной власти Брянской области;Член Комитета Совета Федерации по социальной политике и здравоохранению, Член Комиссии Совета Федерации по естественным монополиям;21.09.2005;март 2014;ENVasilishin@council.gov.ru;692-24-83,986-64-48;241050, г. Брянск, пл. К. Маркса, д. 2;(8-483-2) тел./факс 74-38-36;279978
Васьков;Анатолий;Тихонович;15.09.1943;Представитель от исполнительного органа государственной власти Тульской области;Первый заместитель председателя Комиссии Совета Федерации по жилищной политике и жилищно-коммунальному хозяйству, Член Комитета Совета Федерации по природным ресурсам и охране окружающей среды, Член Комиссии Совета Федерации по контролю за обеспечением деятельности Совета Федерации;13.07.2005;апрель 2015;ATVaskov@council.gov.ru;692-43-16,986-60-11;300600, г. Тула, пл. Ленина, д.2;(8-487-2) 32-80-59, факс 31-12-31;280109
Волков;Николай;Михайлович;19.12.1951;Представитель от исполнительного органа государственной власти Еврейской автономной области;Член Комитета Совета Федерации по конституционному законодательству;03.03.2010;февраль 2015;NMVolkov@council.gov.ru;692-31-36,986-66-59;;;279960
Воробьев;Юрий;Леонидович;02.02.1948;Представитель от законодательного (представительного) органа государственной власти Вологодской области;Заместитель Председателя Совета Федерации, Член Комитета Совета Федерации по делам Севера и малочисленных народов, Член Комиссии Совета Федерации по национальной морской политике;04.05.2007;март 2012;JLVorobev@council.gov.ru;986-65-49;;;279987
Галлямов;Амир;Наилевич;09.05.1970;Представитель от законодательного (представительного) органа государственной власти Амурской области;Заместитель председателя Комиссии Совета Федерации по контролю за обеспечением деятельности Совета Федерации, Член Комитета Совета Федерации по делам Федерации и региональной политике, Член Комиссии Совета Федерации по физической культуре, спорту и развитию олимпийского движения;11.07.2007;март 2012;ANGallyamov@council.gov.ru;692-30-17,986-60-40;675000, г. Благовещенск, ул. Ленина, д. 135;(8-416-2) 44-12-44;279963
Гаттаров;Руслан;Усманович;09.01.1977;Представитель от исполнительного органа государственной власти Челябинской области;Член Комитета Совета Федерации по образованию и науке, Член Комиссии Совета Федерации по информационной политике;26.05.2010;апрель 2015;;697-86-98,6-72-34;;;280124
Геремеев;Сулейман;Садулаевич;20.01.1971;Представитель от исполнительного органа государственной власти Чеченской Республики;Член Комитета Совета Федерации по образованию и науке;03.02.2010;апрель 2011;SSGeremeev@council.gov.ru;697-96-54,6-77-89;;;279930
Глухих;Виктор;Константинович;30.05.1946;Представитель от исполнительного органа государственной власти Ярославской области;Заместитель председателя Комиссии Совета Федерации по естественным монополиям, Член Комитета Совета Федерации по промышленной политике;31.10.2001;декабрь 2012;VKGluhih@council.gov.ru;692-18-93,986-65-85;150000, Ярославль, Советская ул. д. 3 к. 308;(8-485-2) 32-78-24, факс 32-98-86;280133
Горбунов;Геннадий;Александрович;01.01.1946;Представитель от законодательного (представительного) органа государственной власти Астраханской области;Председатель Комитета Совета Федерации по аграрно-продовольственной политике и рыбохозяйственному комплексу, Член Комиссии Совета Федерации по информационной политике, Член Комиссии Совета Федерации по жилищной политике и жилищно-коммунальному хозяйству;25.12.2001;октябрь 2011;GAGorbunov@council.gov.ru;692-57-27,986-60-78;414000, г. Астрахань, ул. Советская, д.14, ком. 41;(8-851-2) 22-88-43, факс 39-46-03;279972
Гордеев;Сергей;Эдуардович;22.11.1972;Представитель от исполнительного органа государственной власти Пермского края;Член Комитета Совета Федерации по экономической политике, предпринимательству и собственности, Член Комиссии Совета Федерации по культуре;19.07.2007;декабрь 2010;SEGordeev@council.gov.ru;629-73-13,986-66-98;;;1638839
Губайдуллин;Экзам;Саматович;15.07.1953;Представитель от исполнительного органа государственной власти Республики Татарстан;Заместитель председателя Комиссии Совета Федерации по физической культуре, спорту и развитию олимпийского движения, Член Комитета Совета Федерации по природным ресурсам и охране окружающей среды;11.05.2005;март 2015;ESGubaydullin@council.gov.ru;692-61-56,986-60-66;420014, г. Казань, Кремль, представительский корпус , ком. 202;(8-843) 567-88-24, факс 567-88-27;279919
Гурьев;Андрей;Григорьевич;24.03.1960;Представитель от исполнительного органа государственной власти  Мурманской области;Член Комитета Совета Федерации по делам Севера и малочисленных народов, Член Комиссии Совета Федерации по национальной морской политике;23.11.2001;март 2014;AGGurev@council.gov.ru;629-20-78,986-64-05;183006, Мурманск, пр-т Ленина, д.75;(8-815-2) 48-62-01, факс 45-10-54;280047
Гусев;Владимир;Кузьмич;19.04.1933;Представитель от исполнительного органа государственной власти Саратовской области;Первый заместитель председателя Комитета Совета Федерации по экономической политике, предпринимательству и собственности, Член Комиссии Совета Федерации по жилищной политике и жилищно-коммунальному хозяйству;28.04.2010;апрель 2015;;692-19-73,986-69-73;;;280088
Густов;Вадим;Анатольевич;26.12.1948;Представитель от исполнительного органа государственной власти Владимирской области;Член Комитета Совета Федерации по делам Содружества Независимых Государств;28.02.2001;март 2013;VAGustov@council.gov.ru;692-07-18,986-63-63;;;279980
Дементьева;Наталия;Леонидовна;06.09.1945;Представитель от Государственного Собрания Республики Марий Эл;Член Комитета Совета Федерации по бюджету, Член Комиссии Совета Федерации по информационной политике, Член Комиссии Совета Федерации по физической культуре, спорту и развитию олимпийского движения;10.06.2004;октябрь 2009;NLDementeva@council.gov.ru;692-75-92,986-60-89;424001, г. Йошкар-Ола, Ленинский проспект, д.29, каб. 114;(8-836-2) 42-68-04;279910
Джабаров;Владимир;Михайлович;29.09.1952;Представитель от законодательного (представительного) органа государственной власти Еврейской автономной области;Заместитель председателя Комиссии Совета Федерации по вопросам развития институтов гражданского общества, Член Комиссии Совета Федерации по взаимодействию со Счетной палатой Российской Федерации, Член Комитета Совета Федерации по делам Содружества Независимых Государств;25.12.2009;октябрь 2011;VMDzhabarov@council.gov.ru;692-93-09ф,986-69-94;;;279960
Дзасохов;Александр;Сергеевич;03.04.1934;Представитель от органов исполнительной власти Республики Северная Осетия - Алания;Председатель Комиссии Совета Федерации по культуре, Член Комитета Совета Федерации по международным делам;22.06.2005;июнь 2010;ASDzasokhov@council.gov.ru;692-64-30,986-64-46;362038, г. Владикавказ, пл. Свободы, д.1, Дом Правительства;(8-8672) 53-35-56;279916
Дидигов;Мухарбек;Ильясович;21.10.1952;Представитель от исполнительного органа государственной власти Республики Ингушетия;Член Комитета Совета Федерации по финансовым рынкам и денежному обращению, Член Комиссии Совета Федерации по взаимодействию со Счетной палатой Российской Федерации, Член Комиссии Совета Федерации по жилищной политике и жилищно-коммунальному хозяйству;13.05.2009;октябрь 2013;MIDidigov@council.gov.ru;692-14-69, 697-54-58,6-71-97, 6-74-31;;;279892
Докшоков;Зураб;Хасамбиевич;13.09.1952;Представитель от законодательного (представительного) органа государственной власти Карачаево-Черкесской Республики;Член Комитета Совета Федерации по промышленной политике, Член Комиссии Совета Федерации по жилищной политике и жилищно-коммунальному хозяйству, Член Комиссии Совета Федерации по вопросам развития институтов гражданского общества;16.12.2009;март 2014;ZHDokshokov@council.gov.ru;697-81-09,6-79-86;;;279900
Долгушкин;Николай;Кузьмич;30.01.1949;Представитель от исполнительного органа государственной власти Оренбургской области;Заместитель председателя Комитета Совета Федерации по аграрно-продовольственной политике и рыбохозяйственному комплексу, Член Комиссии Совета Федерации по взаимодействию со Счетной палатой Российской Федерации;21.04.2004;июнь 2010;NKDolgushkin@council.gov.ru;629-88-10,986-69-57;460015, г. Оренбург, Дом Советов;(8-353-2) 77-63-31, факс 77-38-02;280061
Драгункина;Зинаида;Федоровна;21.11.1948;Представитель от законодательного (представительного) органа государственной власти города Москвы;Первый заместитель председателя Комиссии Совета Федерации по культуре, Член Комиссии Совета Федерации по Регламенту и организации парламентской деятельности, Член Комитета Совета Федерации по образованию и науке;26.10.2005;октябрь 2014;ZFDragunkina@council.gov.ru;692-81-13,986-68-74;127994, г. Москва, ул. Петровка, д. 22;(8-495) 650-71-50;280041
Дума;Василий;Михайлович;20.06.1954;Представитель от исполнительного органа государственной власти Костромской области;Заместитель председателя Комитета Совета Федерации по природным ресурсам и охране окружающей среды, Член Комиссии Совета Федерации по взаимодействию со Счетной палатой Российской Федерации;13.05.2004;октябрь 2012;VMDuma@council.gov.ru;692-14-89,986-63-34;156006, Кострома, ул.Дзержинского, д.15;(8-094-2) 31-34-72, факс 31-33-95;280018
Евтухов;Виктор;Леонидович;02.03.1968;Представитель от исполнительного органа государственной власти  города Санкт-Петербурга;Член Комитета Совета Федерации по делам Содружества Независимых Государств;25.11.2009;декабрь 2011;VLEvtuhov@council.gov.ru;623-29-88,986-60-27;;;280026
Егоров;Иннокентий;Николаевич;05.09.1956;Представитель от законодательного (представительного)  органа государственной власти Республики Бурятия;Член Комитета Совета Федерации по аграрно-продовольственной политике и рыбохозяйственному комплексу;22.12.2004;декабрь 2012;INEgorov@council.gov.ru;692-76-07,986-60-02;670001, г. Улан-Удэ, ул. Сухэ-Батора, д.9, ком. 221;(8-301-2) 21-35-40, тел./факс 21-47-22;279886
Жамбалнимбуев;Бато-Жаргал;;05.08.1948;Представитель от  Агинской Бурятской окружной Думы;Заместитель председателя Комиссии Совета Федерации по контролю за обеспечением деятельности Совета Федерации, Член Комиссии Совета Федерации по естественным монополиям, Член Комитета Совета Федерации по природным ресурсам и охране окружающей среды;28.02.2001;январь 2010;Jambalnimbuev@council.gov.ru;629-19-86, 697-61-74, 697-79-54,986-63-96;687000, Читинская обл., пос. Агинское, ул. Базара Ринчино, д.92;(8-302-39) 3-44-81, тел./факс 3-53-87;1649002
Жидких;Владимир;Александрович;11.11.1961;Представитель от законодательного (представительного) органа государственной власти Томской области;Председатель Комиссии Совета Федерации по делам молодежи и туризму, Член Комитета Совета Федерации по социальной политике и здравоохранению, Член Комиссии Совета Федерации по естественным монополиям;19.09.2007;март 2012;ZhidkihVA@council.gov.ru;692-63-05,986-68-88;634050, г. Томск, пл. Ленина, д. 6.;(8-382-2) 51-00-64;280106
Завадников;Валентин;Георгиевич;30.04.1963;Представитель от законодательного (представительного) органа государственной власти Саратовской области;Председатель Комитета Совета Федерации по промышленной политике;12.09.2001;декабрь 2012;zavadnikov@council.gov.ru;692-12-32,986-67-90;410028, г. Саратов, ул.Чернышевского, д.135, ком. 308;(8-845-2)  тел./факс 22-29-75;280088
Иванов;Сергей;Павлович;19.04.1952;Представитель от законодательного (представительного) органа государственной власти Магаданской области;Председатель Комиссии Совета Федерации по взаимодействию со Счетной палатой Российской Федерации, Член Комитета Совета Федерации по делам Севера и малочисленных народов, Член Комиссии Совета Федерации по национальной морской политике;02.06.2006;октябрь 2010;SPIvanov@council.gov.ru;692-04-27,986-60-30;685000, г. Магадан, ул. Горького, д. 8 А;(8-413-22) 62-54-95;280035
Искужин;Рудик;Газизович;28.07.1950;Представитель от законодательного (представительного) органа государственной власти  Республики Башкортостан;Заместитель председателя Комиссии Совета Федерации по контролю за обеспечением деятельности Совета Федерации, Член Комитета Совета Федерации по правовым и судебным вопросам, Член Комиссии Совета Федерации по естественным монополиям;27.12.2006;март 2013;RGIskujin@council.gov.ru;692-58-23,986-64-91;450057, г. Уфа, ул. Фрунзе, д. 46, комн. 419;(8-347) 250-44-22;279883
Кавджарадзе;Максим;Геннадьевич;10.06.1969;Представитель от законодательного (представительного) органа государственной власти Липецкой области;Заместитель председателя Комитета Совета Федерации по аграрно-продовольственной политике и рыбохозяйственному комплексу, Член Комиссии Совета Федерации по делам молодежи и туризму, Член Комиссии Совета Федерации по физической культуре, спорту и развитию олимпийского движения;25.12.2001;октябрь 2011;MGKavdjaradze@council.gov.ru;692-10-96,986-63-52;398014, Липецк, Соборная площадь, д.1;(8-474-2) 74-35-08, факс 72-24-15;280032
Кадохов;Валерий;Тотразович;07.01.1945;Представитель от законодательного (представительного) органа государственной власти Республики Северная Осетия - Алания;Первый заместитель председателя Комитета Совета Федерации по делам Федерации и региональной политике, Член Комиссии Совета Федерации по взаимодействию со Счетной палатой Российской Федерации;09.11.2000;декабрь 2012;VTKadohov@council.gov.ru;692-18-95,986-62-47;362025, г. Владикавказ, ул. Ватутина, д.17, ком. 201;(8-867-2)  54-48-48, факс 54-34-43;279916
Кажаров;Альберт;Хатуевич;08.01.1965;Представитель от законодательного (представительного) органа государственной власти Кабардино-Балкарской Республики;Заместитель председателя Комиссии Совета Федерации по Регламенту и организации парламентской деятельности, Член Комитета Совета Федерации по финансовым рынкам и денежному обращению, Член Комиссии Совета Федерации по информационной политике;13.05.2009;март 2014;AHKazharov@council.gov.ru;692-62-45ф, 697-64-41,986-64-32, 986-64-94;;;279895
Калинин;Юрий;Иванович;28.10.1946;Представитель от законодательного (представительного) органа государственной власти Пензенской области;Заместитель председателя Комитета Совета Федерации по правовым и судебным вопросам, Заместитель председателя Комиссии Совета Федерации по взаимодействию со Счетной палатой Российской Федерации, Заместитель председателя Комиссии Совета Федерации по вопросам развития институтов гражданского общества;31.03.2010;декабрь 2012;UIKalinin@council.gov.ru;692-30-39,986-61-38;;;280067
Капура;Михаил;Михайлович;08.07.1961;Представитель от исполнительного органа государственной власти Республики Калмыкия;Заместитель председателя Комитета Совета Федерации по правовым и судебным вопросам, Член Комиссии Совета Федерации по контролю за обеспечением деятельности Совета Федерации, Член Комиссии Совета Федерации по физической культуре, спорту и развитию олимпийского движения;23.11.2005;октябрь 2010;MMKapura@council.gov.ru;692-42-27,986-60-33;358000, г. Элиста Дом Правительства;Тел.: (8-847-22) 3-30-88, 3-38-93, факс 3-41-58;279898
Керимов;Сулейман;Абусаидович;12.03.1966;Представитель от законодательного (представительного) органа государственной власти Республики Дагестан;Член Комитета Совета Федерации по финансовым рынкам и денежному обращению;20.02.2008;март 2011;SAKerimov@council.gov.ru;692-80-56ф,986-67-66;;;279889
Кикоть;Владимир;Яковлевич;01.01.1952;Представитель от исполнительного органа государственной власти Приморского края;Заместитель председателя Комиссии Совета Федерации по Регламенту и организации парламентской деятельности, Член Комитета Совета Федерации по социальной политике и здравоохранению;28.04.2010;февраль 2015;VYKikot@council.gov.ru;692-10-54,986-69-39;;;279951
Киричук;Степан;Михайлович;18.05.1949;Представитель от исполнительного органа государственной власти Тюменской области;Председатель Комитета Совета Федерации по вопросам местного самоуправления, Член Комиссии Совета Федерации по естественным монополиям, Член Комиссии Совета Федерации по вопросам развития институтов гражданского общества;23.03.2005;ноябрь 2010;SMKirichuk@council.gov.ru;692-57-38, 692-75-50,986-60-71;625018, г. Тюмень, ул.  Республики, д. 52, к. 535;(8-345-2) 46-56-27, тел./факс 46-56-19;280112
Комаров;Андрей;Ильич;11.10.1966;Представитель от законодательного (представительного) органа государственной власти Челябинской области;Заместитель председателя Комитета Совета Федерации по природным ресурсам и охране окружающей среды;21.09.2005;октябрь 2010;AIKomarov@council.gov.ru;695-34-97,986-64-07;454009, г. Челябинск, ул. Кирова, д.114, комн. 319;(8-351) 239-88-47;280124
Кондратенко;Николай;Игнатович;16.02.1940;Представитель от законодательного (представительного) органа государственной власти Краснодарского края;Член Комитета Совета Федерации по аграрно-продовольственной политике и рыбохозяйственному комплексу;30.01.2008;декабрь 2012;NIKondratenko@council.gov.ru;692-43-29,986-65-91;350063, г. Краснодар, ул. Красная, д. 3;(8-861-2) 62-20-55;279941
Коровников;Александр;Венидиктович;30.04.1955;Представитель от исполнительного органа государственной власти Новгородской области;Заместитель председателя Комитета Совета Федерации по социальной политике и здравоохранению, Член Комиссии Совета Федерации по взаимодействию со Счетной палатой Российской Федерации;16.11.2007;август 2012;AVKorovnikov@council.gov.ru;692-17-88,986-63-54;;;280052
Косарев;Николай;Валентинович;10.11.1950;Представитель от законодательного (представительного) органа государственной власти Тамбовской области;Заместитель председателя Комитета Совета Федерации по природным ресурсам и охране окружающей среды, Член Комиссии Совета Федерации по естественным монополиям;29.12.2001;март 2011;NVKosarev@council.gov.ru;692-03-27,986-67-88;392017, Тамбов, ул.Интернациональная, д.14;(8-475-2)  71-23-70, факс 71-07-72;280100
Кулаков;Владимир;Григорьевич;23.04.1944;Представитель от исполнительного органа государственной власти Воронежской области;Заместитель председателя Комиссии Совета Федерации по взаимодействию со Счетной палатой Российской Федерации, Член Комитета Совета Федерации по вопросам местного самоуправления;13.05.2009;март 2014;VGKulakov@council.gov.ru;692-23-60,986-65-74;;;279989
Кулаков;Владимир;Федорович;02.11.1948;Представитель от исполнительного органа государственной власти Магаданской области;Председатель Комиссии Совета Федерации по контролю за обеспечением деятельности Совета Федерации, Член Комиссии Совета Федерации по Регламенту и организации парламентской деятельности, Член Комитета Совета Федерации по делам Севера и малочисленных народов;01.11.2000;февраль 2013;VFKulakov@council.gov.ru;692-80-54,986-60-44;685000, Магадан,, пл.Горького, д.6, каб.221;(8-413-22)  2-55-45;280035
Лавров;Андрей;Иванович;26.03.1962;Представитель от Рязанской областной Думы;Первый заместитель председателя Комиссии Совета Федерации по физической культуре, спорту и развитию олимпийского движения, Член Комитета Совета Федерации по бюджету;08.06.2005;март 2010;AILavrov@council.gov.ru;697-82-47,986-69-78;;;280082
Лебедев;Леонид;Леонидович;02.05.1956;Представитель от законодательного (представительного) органа государственной власти  Чувашской Республики;Заместитель председателя Комитета Совета Федерации по экономической политике, предпринимательству и собственности, Член Комиссии Совета Федерации по естественным монополиям;10.09.2002;октябрь 2011;LLLebedev@council.gov.ru;692-10-67,986-62-75;428004, г. Чебоксары, Президентский б-р, д.10, ком. 7-8;(8-835-2)   тел./факс 62-04-81;279933
Леонов;Виктор;Васильевич;06.08.1952;Представитель от законодательного (представительного) органа государственной власти Новосибирской области;Заместитель председателя Комитета Совета Федерации по делам Федерации и региональной политике, Заместитель председателя Комиссии Совета Федерации по культуре;25.01.2006;октябрь 2010;VVLeonov@council.gov.ru;692-76-05,986-66-42;630011, г. Новосибирск, ул. Кирова, д.3;(8-383) 223-27-03, факс 210-02-70;280055
Лисовский;Сергей;Федорович;25.04.1960;Представитель от Курганской областной Думы;Первый заместитель председателя Комитета Совета Федерации по аграрно-продовольственной политике и рыбохозяйственному комплексу, Член Комиссии Совета Федерации по информационной политике;29.06.2004;март 2010;SFLisovsky@council.gov.ru;692-67-32,986-66-23;640000, г. Курган, ул. Гоголя, д.61/2;(8-352-2) 46-72-86;280020
Литюшкин;Владимир;Васильевич;19.10.1948;Представитель от законодательного  (представительного) органа государственной власти Республики Мордовия;Первый заместитель председателя Комитета Совета Федерации по делам Содружества Независимых Государств, Член Комиссии Совета Федерации по взаимодействию со Счетной палатой Российской Федерации, Член Комиссии Совета Федерации по Регламенту и организации парламентской деятельности;03.12.2004;декабрь 2011;VVLitjushkin@council.gov.ru;692-46-55,986-67-17;430002, г. Саранск, Советская, д.26;(8-834-2) 32-79-24;279913
Лопатников;Виктор;Алексеевич;30.12.1941;Представитель от исполнительного органа государственной власти Республики Алтай;Заместитель председателя Комитета Совета Федерации по делам Севера и малочисленных народов, Член Комиссии Совета Федерации по контролю за обеспечением деятельности Совета Федерации;03.03.2006;январь 2014;VALopatnikov@council.gov.ru;203-82-65, 629-06-83,986-67-32;659700, г. Горно-Алтайск, ул. Эркемена Палкина, д. 1, комн. 320;(8-388-22) 2-26-40;279880
Лоторев;Александр;Николаевич;10.09.1948;Представитель от законодательного (представительного) органа государственной власти Тюменской области;Заместитель председателя Комитета Совета Федерации по природным ресурсам и охране окружающей среды, Член Комиссии Совета Федерации по делам молодежи и туризму, Член Комиссии Совета Федерации по вопросам развития институтов гражданского общества;07.12.2005;март 2012;ANLotorev@council.gov.ru;692-67-09,986-65-28;625018, г. Тюмень ул. Республики, д.52, Дом Советов, к. 532;(8-345-2) 46-32-61;280112
Лысков;Анатолий;Григорьевич;08.03.1947;Представитель от исполнительного органа государственной власти Липецкой области;Председатель Комитета Совета Федерации по правовым и судебным вопросам, Член Комиссии Совета Федерации по Регламенту и организации парламентской деятельности;31.01.2002;июнь 2015;AGLyskov@council.gov.ru;,986-60-09;398014, г. Липецк, Соборная площадь, д.1;(8-474-2)  27-25-65, 77-65-96, факс 72-24-26, 72-24-26;280032
Лысяков;Алексей;Алексеевич;10.11.1969;Представитель от законодательного (представительного) органа государственной власти  Ставропольского края;Член Комитета Совета Федерации по экономической политике, предпринимательству и собственности, Член Комиссии Совета Федерации по жилищной политике и жилищно-коммунальному хозяйству;21.02.2002;март 2012;AALysjakov@council.gov.ru;692-12-89,986-60-81;355025, г. Ставрополь, пл. Ленина, д.1;(8-865-2) 26-81-63;279954
Львов;Николай;Питиримович;21.02.1948;Представитель от исполнительного органа государственной власти Архангельской области;Первый заместитель председателя Комитета Совета Федерации по делам Севера и малочисленных народов, Член Комиссии Совета Федерации по национальной морской политике;15.10.2008;апрель 2012;NPLvov@council.gov.ru;697-46-43,986-69-36;160061, г. Архангельск, Троицкий просп., д. 49;т./факс (8-812-2) 20-83-61;279966
Максюта;Николай;Кириллович;26.05.1947;Представитель от исполнительного органа государственной власти Волгоградской области;Заместитель председателя Комиссии Совета Федерации по национальной морской политике, Член Комитета Совета Федерации по вопросам местного самоуправления;03.02.2010;январь 2015;NKMaksyuta@council.gov.ru;697-91-47,6-77-10;;;1646274
Малкин;Виталий;Борисович;16.09.1952;Представитель от исполнительного органа государственной власти Республики Бурятия;Член Комитета Совета Федерации по международным делам, Член Комиссии Совета Федерации по делам молодежи и туризму, Член Комиссии Совета Федерации по физической культуре, спорту и развитию олимпийского движения;01.01.2004;июль 2012;VBMalkin@council.gov.ru;629-13-66,986-63-66;670001, г. Улан-Удэ, ул. Сухэ-Батора, д.54, ком. 404;(8-301-2) 21-46-52, 21-84-96;279886
Малкин;Ефим;Наумович;09.07.1954;Представитель от законодательного (представительного) органа государственной власти Чукотского автономного округа;Член Комитета Совета Федерации по бюджету, Член Комиссии Совета Федерации по естественным монополиям;01.01.2002;март 2011;ENMalkin@council.gov.ru;692-42-52,986-63-37;686710, г. Анадырь, ул. Отке, д.29;(8-427-22) 2-93-50, факс 2-93-51;280038
Маргелов;Михаил;Витальевич;22.12.1964;Представитель от исполнительного органа государственной власти Псковской области;Председатель Комитета Совета Федерации по международным делам;21.12.2000;февраль 2014;MVMargelov@council.gov.ru;692-13-58, 692-58-96,986-63-58;180001, г. Псков, ул. Некрасова, д.2;(8-811-2) 16-08-31;280076
Маслов;Виктор;Николаевич;04.10.1950;Представитель от законодательного (представительного) органа государственной власти Смоленской области;Заместитель председателя Комитета Совета Федерации по обороне и безопасности;30.01.2008;декабрь 2012;VNMaslov@council.gov.ru;692-42-34,986-61-37;214008, г. Смоленск, пл. Ленина, д. 1, каб. 532;(8-481-2) 38-53-22;280097
Матвеев;Александр;Сафронович;08.02.1943;Представитель от законодательного (представительного) органа государственной власти  Республики Саха (Якутия);Председатель Комитета Совета Федерации по делам Севера и малочисленных народов, Член Комиссии Совета Федерации по Регламенту и организации парламентской деятельности, Член Комиссии Совета Федерации по контролю за обеспечением деятельности Совета Федерации;23.01.2003;март 2013;ASMatveev@council.gov.ru;692-12-94,986-67-23;677022, Якутск, ул.Кирова, д.11, Дом Правительства;(8-411-2) 43-52-03, 43-51-94;279935
Межевич;Валентин;Ефимович;17.08.1947;Представитель от законодательного (представительного) органа государственной власти Иркутской области;Первый заместитель председателя Комиссии Совета Федерации по естественным монополиям, Член Комитета Совета Федерации по делам Федерации и региональной политике, Член Комиссии Совета Федерации по жилищной политике и жилищно-коммунальному хозяйству;12.11.2008;октябрь 2013;megevich@council.gov.ru;692-75-89,986-60-49;;;1649530
Мельников;Владимир;Ильич;26.01.1953;Представитель от администрации Читинской области;Заместитель председателя Комитета Совета Федерации по обороне и безопасности, Член Комиссии Совета Федерации по Регламенту и организации парламентской деятельности;24.01.2001;январь 2010;VIMelnikov@council.gov.ru;623-91-42,986-60-53;672021, г. Чита, ул. Амурская, д.68;(8-302-2) 35-14-92;1649002
Миронов;Сергей;Михайлович;14.02.1953;Представитель от законодательного (представительного) органа государственной власти города Санкт-Петербурга;Председатель Совета Федерации;13.06.2001;март 2012;info@mironov.ru;986-66-89;190107, г. Санкт-Петербург, Исаакиевская пл., д.6;(8-812)  315-84-55, факс 319-97-49;280026
Молчанов;Андрей;Юрьевич;24.09.1971;Представитель от исполнительного органа государственной власти Ленинградской области;Председатель Комитета Совета Федерации по делам Содружества Независимых Государств;30.01.2008;июль 2012;AUMolchanov@council.gov.ru;629-82-38,986-66-88;;;280029
Мошкович;Вадим;Николаевич;06.04.1967;Представитель от законодательного (представительного) органа государственной власти Белгородской области;Член Комитета Совета Федерации по делам Содружества Независимых Государств, Член Комиссии Совета Федерации по делам молодежи и туризму;26.05.2006;октябрь 2010;VNMoshkovich@council.gov.ru;692-66-74,986-61-57;308005, г. Белгород, Соборная пл., д. 4;(8-483-2) 32-86-26;279975
Нарусова;Людмила;Борисовна;02.05.1951;Представитель от законодательного (представительного) органа государственной власти Республики Тыва;Председатель Комиссии Совета Федерации по информационной политике, Член Комитета Совета Федерации по образованию и науке, Член Комиссии Совета Федерации по жилищной политике и жилищно-коммунальному хозяйству;08.10.2002;октябрь 2010;LBNarusova@council.gov.ru;692-75-27,986-60-57;667000, Кызыл, ул.Ленина, д.32;(8-394-22)  3-73-25, 2-16-32, факс 2-10-43;279922
Неёлов;Юрий;Васильевич;24.06.1952;Представитель от исполнительного органа государственной власти Ямало-Ненецкого автономного округа;Член Комитета Совета Федерации по природным ресурсам и охране окружающей среды;31.03.2010;март 2015;YVNeelov@council.gov.ru;692-58-69,986-67-56;;;280119
Новиков;Вячеслав;Александрович;09.10.1948;Представитель от законодательного (представительного) органа государственной власти Красноярского края;Заместитель председателя Комитета Совета Федерации по бюджету, Член Комиссии Совета Федерации по взаимодействию со Счетной палатой Российской Федерации, Член Комиссии Совета Федерации по естественным монополиям;19.09.2007;апрель 2012;VANovikov@council.gov.ru;623-32-36ф, 692-66-01,986-61-96;660009, г. Красноярск, просп. Мира, д. 110;(8-391-2) 49-34-33;1649531
Оганян;Оганес;Арменакович;29.10.1961;Представитель от законодательного (представительного) органа государственной власти Пермского края;Председатель Комитета Совета Федерации по экономической политике, предпринимательству и собственности;02.03.2007;декабрь 2011;OAOganjan@council.gov.ru;692-30-28,986-60-62;614006, г. Пермь, ул. Ленина, д. 51. комн. 623;(8-342) 217-76-20. факс 235-13-05;1638839
Озеров;Виктор;Алексеевич;05.01.1958;Представитель от законодательного (представительного) органа государственной власти Хабаровского края;Председатель Комитета Совета Федерации по обороне и безопасности, Член Комиссии Совета Федерации по Регламенту и организации парламентской деятельности, Член Комиссии Совета Федерации по физической культуре, спорту и развитию олимпийского движения;15.12.2001;март 2014;VAOzerov@council.gov.ru;692-56-39,986-60-64;680002, Хабаровск, ул.Муравьева-Амурского, д.19, каб.101;(8-421-2)  32-56-20;279957
Орлов;Виктор;Петрович;22.03.1940;Представитель от исполнительного органа государственной власти Камчатского края;Председатель Комитета Совета Федерации по природным ресурсам и охране окружающей среды, Член Комиссии Совета Федерации по естественным монополиям;20.02.2008;июль 2012;VPOrlov@council.gov.ru;692-10-90,986-60-65;683017, г. Петропавловск-Камчатский, ул. Владивостокская, д.2/1;(8-415-2) 41-22-62;1647936
Орлова;Светлана;Юрьевна;23.10.1954;Представитель от законодательного (представительного) органа государственной власти Кемеровской области;Заместитель Председателя Совета Федерации, Член Комитета Совета Федерации по бюджету, Член Комиссии Совета Федерации по взаимодействию со Счетной палатой Российской Федерации, Член Комиссии Совета Федерации по контролю за обеспечением деятельности Совета Федерации;24.11.2001;октябрь 2013;SUOrlova@council.gov.ru;692-61-74,986-63-65;650099, г. Кемерово, Советский просп., д.62;(8-384-2) тел./факс 36-18-90;280013
Оськина;Вера;Егоровна;23.03.1955;Представитель от исполнительного органа государственной власти Красноярского края;;14.07.2010;февраль 2015;;,;;;1649531
Паланкоев;Ахмет;Магомедович;09.09.1963;Представитель от законодательного (представительного) органа государственной власти Республики Ингушетия;;09.06.2010;март 2012;;697-77-36,6-73-28;;;279892
Пантелеев;Алексей;Борисович;02.02.1959;Представитель от законодательного (представительного) органа государственной власти Ненецкого автономного округа;Член Комитета Совета Федерации по правовым и судебным вопросам, Член Комиссии Совета Федерации по культуре;18.07.2009;март 2014;ABPanteleev@council.gov.ru;623-16-14ф, 695-44-75,6-70-57, 986-60-42;;;279969
Пантелеев;Олег;Евгеньевич;21.07.1952;Представитель от исполнительного органа государственной власти Курганской области;Первый заместитель председателя Комиссии Совета Федерации по Регламенту и организации парламентской деятельности, Член Комитета Совета Федерации по делам Содружества Независимых Государств, Член Комиссии Совета Федерации по контролю за обеспечением деятельности Совета Федерации;26.04.2001;декабрь 2014;OEPanteleev@council.gov.ru;692-14-22,986-64-57;640024, г. Курган, ул. Гоголя, д.56, ком. 63;(8-352-2) 42-10-35;280020
Парфенов;Валерий;Павлович;16.05.1954;Представитель от законодательного (представительного) органа государственной власти Самарской области;Заместитель председателя Комитета Совета Федерации по делам Федерации и региональной политике, Заместитель председателя Комиссии Совета Федерации по жилищной политике и жилищно-коммунальному хозяйству, Член Комиссии Совета Федерации по вопросам развития институтов гражданского общества;06.07.2007;март 2012;VPParfenov@council.gov.ru;,986-60-41;443100, г. Самара, ул. Молодогвардейсткая, д. 187;(8-846) 242-14-89, т/факс 242-14-89, 242-48-25;280085
Пахомов;Алексей;Михайлович;15.01.1945;Представитель от законодательного (представительного) органа государственной власти Республики Татарстан;Член Комитета Совета Федерации по бюджету, Член Комиссии Совета Федерации по взаимодействию со Счетной палатой Российской Федерации;08.06.2005;март 2014;AMPahomov@council.gov.ru;692-76-25,986-69-48;420060, г. Казань, пл. Свободы, д.1, ком.913;(8-843) 267-64-94, факс 292-78-49;279919
Петренко;Валентина;Александровна;23.08.1955;Представитель от исполнительного органа государственной власти Республики Хакасия;Председатель Комитета Совета Федерации по социальной политике и здравоохранению;26.04.2001;январь 2013;VAPetrenko@council.gov.ru;692-57-51,986-60-67;655019, г. Абакан, просп. Ленина, д.67;(8-390) 222-33-22, 222-33-22;279928
Петров;Александр;Юрьевич;20.01.1964;Представитель от исполнительного органа государственной власти Брянской области;Заместитель председателя Комитета Совета Федерации по обороне и безопасности, Член Комиссии Совета Федерации по физической культуре, спорту и развитию олимпийского движения;12.10.2005;октябрь 2012;AUPetrov@council.gov.ru;692-58-02,986-60-46;241002 Брянск пр-т Ленина, д.33;(8-483-2) 46-26-11, 74-10-34, факс 41-38-95;279978
Петров;Владимир;Анатольевич;05.11.1954;Представитель от законодательного (представительного) органа государственной власти Тверской области;Первый заместитель председателя Комитета Совета Федерации по бюджету, Член Комиссии Совета Федерации по контролю за обеспечением деятельности Совета Федерации, Член Комиссии Совета Федерации по национальной морской политике;25.12.2001;март 2011;VAPetrov@council.gov.ru;697-59-07, 697-61-63, 697-73-56,986-61-63;170000, г. Тверь, ул. Советская, д.33;(8-482-2) 35-88-23;280103
Пичугов;Виктор;Александрович;29.05.1958;Представитель от законодательного (представительного) органа государственной власти Ханты-Мансийского автономного округа - Югры;Заместитель председателя Комитета Совета Федерации по финансовым рынкам и денежному обращению, Член Комиссии Совета Федерации по естественным монополиям, Член Комиссии Совета Федерации по контролю за обеспечением деятельности Совета Федерации;07.07.2006;март 2011;VAPichugov@council.gov.ru;692-63-27,986-64-17;"г.Москва, ул.Брянская, д.5, 13 этаж; 628006, г. Ханты-Мансийск, ул. Мира, д. 5";"(8-495) 510-53-94; (8-346-71) 9-28-28";280115
Плотников;Владимир;Николаевич;30.11.1961;Представитель от законодательного (представительного) органа государственной власти Волгоградской области;Член Комитета Совета Федерации по аграрно-продовольственной политике и рыбохозяйственному комплексу, Член Комиссии Совета Федерации по жилищной политике и жилищно-коммунальному хозяйству, Член Комиссии Совета Федерации по физической культуре, спорту и развитию олимпийского движения;25.03.2009;март 2014;VNPlotnikov@council.gov.ru;629-96-79т/ф,986-63-93;;;1646274
Подлесов;Александр;Минович;31.07.1955;Представитель от исполнительного органа государственной власти Нижегородской области;Заместитель председателя Комитета Совета Федерации по международным делам, Член Комиссии Совета Федерации по делам молодежи и туризму, Член Комиссии Совета Федерации по информационной политике;12.10.2005;август 2010;AMPodlesov@council.gov.ru;623-92-58,986-62-38;603082, г. Нижний Новгород, Кремль, корп.1;(8-831) 39-04-48, тел./факс 39-05-71;280050
Пожитков;Николай;Федорович;30.09.1947;Представитель от законодательного (представительного) органа государственной власти Оренбургской области;Первый заместитель председателя Комиссии Совета Федерации по контролю за обеспечением деятельности Совета Федерации, Член Комитета Совета Федерации по делам Содружества Независимых Государств, Член Комиссии Совета Федерации по жилищной политике и жилищно-коммунальному хозяйству;30.12.2003;март 2011;NFPozhitkov@council.gov.ru;692-59-98,986-64-20;460015, г. Оренбург, Дом Советов, ком. 423;(8-353-2) 77-31-37;280061
Пономарева;Лариса;Николаевна;01.07.1949;Представитель от исполнительного органа государственной власти Чукотского автономного округа;Первый заместитель председателя Комитета Совета Федерации по социальной политике и здравоохранению, Член Комиссии Совета Федерации по делам молодежи и туризму;23.03.2005;июль 2013;LNPonomareva@council.gov.ru;692-34-25,986-65-53;689000, г. Анадырь, ул. Беренга, д.39;(8-427-22) 2-90-39,  факс 2-06-04;280038
Попов;Вячеслав;Алексеевич;22.11.1946;Представитель от законодательного (представительного) органа государственной власти Мурманской области;Председатель Комиссии Совета Федерации по национальной морской политике, Член Комитета Совета Федерации по обороне и безопасности;04.01.2002;март 2012;VAPopov@council.gov.ru;692-38-51, 697-60-54,986-63-67;183016, Мурманск, ул.Софьи Перовской, д.2;(8-815-2)  тел./факс 45-47-09;280047
Починок;Александр;Петрович;12.01.1958;Представитель от исполнительного органа государственной власти Краснодарского края;Заместитель председателя Комиссии Совета Федерации по жилищной политике и жилищно-коммунальному хозяйству, Заместитель председателя Комиссии Совета Федерации по вопросам развития институтов гражданского общества, Член Комитета Совета Федерации по бюджету;06.06.2007;апрель 2012;APPochinok@council.gov.ru;692-58-65,986-65-54, 986-66-51;;;279941
Пугачев;Сергей;Викторович;04.02.1963;Представитель от исполнительного органа государственной власти Республики Тыва;Член Комитета Совета Федерации по делам Федерации и региональной политике;24.12.2001;апрель 2012;SVPugachev@council.gov.ru;623-37-48,986-60-70;667000, г. Кызыл,, ул.Чульдум, д.18, Дом Правительства;(8-394-22) 2-12-84,  факс 2-13-54;279922
Рогачев;Игорь;Алексеевич;01.03.1932;Представитель от исполнительного органа государственной власти Амурской области;Член Комитета Совета Федерации по международным делам, Член Комиссии Совета Федерации по информационной политике;22.06.2005;октябрь 2012;IARogachev@council.gov.ru;692-80-66,986-69-90;675000, г. Благовещенск, ул. Ленина, д.135;(8-416-2) 44-12-46;279963
Россель;Эдуард;Эргартович;08.10.1937;Представитель от исполнительного органа государственной власти Свердловской области;Член Комитета Совета Федерации по финансовым рынкам и денежному обращению;16.12.2009;ноябрь 2013;EERossel@council.gov.ru;629-05-21ф,986-64-68;;;280094
Рушайло;Владимир;Борисович;28.07.1953;Представитель от законодательного (представительного) органа государственной власти Архангельской области;Первый заместитель председателя Комитета Совета Федерации по правовым и судебным вопросам, Член Комиссии Совета Федерации по вопросам развития институтов гражданского общества;07.12.2007;март 2013;VBRushaylo@council.gov.ru;692-58-81,986-62-69;163000, г. Архангельск, пл. Ленина, д. 1, комн. 105;(8-818-2) 21-54-08;279966
Рыжков;Николай;Иванович;28.09.1929;Представитель от исполнительного органа государственной власти Белгородской области;Председатель Комиссии Совета Федерации по естественным монополиям, Член Комитета Совета Федерации по вопросам местного самоуправления;17.09.2003;июнь 2012;NIRyzhkov@council.gov.ru;692-59-86, 697-33-45,986-60-63, 986-64-53;308005, г. Белгород Соборная пл., д. 4, комн. 401-403;(8-472-2)32-73-01;279975
Сабсаби;Зияд;Мухамедович;01.02.1964;Представитель от законодательного (представительного) органа государственной власти Чеченской Республики;Заместитель председателя Комитета Совета Федерации по международным делам, Член Комиссии Совета Федерации по культуре;26.11.2008;октябрь 2012;ZMSabsabi@council.gov.ru;697-99-04,6-71-53;;;279930
Савенков;Александр;Николаевич;29.03.1961;Представитель от законодательного (представительного) органа государственной власти Владимирской области;Заместитель председателя Комитета Совета Федерации по конституционному законодательству, Член Комиссии Совета Федерации по Регламенту и организации парламентской деятельности;25.03.2009;март 2013;ANSavenkov@council.gov.ru;692-65-38,986-68-55;;;279980
Савин;Владимир;Иванович;03.08.1948;Представитель от исполнительного органа государственной власти Тверской области;Член Комитета Совета Федерации по промышленной политике, Член Комиссии Совета Федерации по естественным монополиям, Член Комиссии Совета Федерации по вопросам развития институтов гражданского общества;30.01.2008;июль 2012;SavinVI@council.gov.ru;692-14-85,986-66-35;;;280103
Сагал;Елена;Михайловна;02.01.1963;Представитель от исполнительного органа государственной власти Ставропольского края;Член Комитета Совета Федерации по финансовым рынкам и денежному обращению;25.12.2009;май 2013;Sagal@council.gov.ru;697-98-28,6-70-11;;;279954
Салтыков;Анатолий;Иванович;29.10.1947;Представитель от исполнительного органа государственной власти Новосибирской области;Первый заместитель председателя Комитета Совета Федерации по вопросам местного самоуправления, Член Комиссии Совета Федерации по жилищной политике и жилищно-коммунальному хозяйству;27.02.2004;июль 2012;AISaltykov@council.gov.ru;690-05-21,986-67-24;630011, г. Новосибирск, Красный просп., д.18;(8-383) 223-29-95, факс 223-57-00;280055
Сафин;Ралиф;Рафилович;06.01.1954;Представитель от законодательного (представительного) органа государственной власти Республики Алтай;Заместитель председателя Комиссии Совета Федерации по делам молодежи и туризму, Член Комитета Совета Федерации по делам Содружества Независимых Государств, Член Комиссии Совета Федерации по естественным монополиям;05.06.2002;март 2014;RRSafin@council.gov.ru;692-12-29ф, 692-62-32,986-60-28;659700, г. Горно-Алтайск, ул. Эркемена Палкина, д.1, ком. 423;(8-388-22) тел./факс 2-40-39, 2-26-53;279880
Серебренников;Евгений;Александрович;22.04.1954;Представитель от законодательного (представительного) органа государственной власти Республики Хакасия;Первый заместитель председателя Комитета Совета Федерации по обороне и безопасности, Член Комиссии Совета Федерации по контролю за обеспечением деятельности Совета Федерации;25.09.2006;март 2013;EASerebrennikov@council.gov.ru;,986-60-72;655000, г. Абакан, просп. Ленина, д. 67;(8-390) 222-47-59;279928
Слуцкер;Владимир;Иосифович;27.08.1956;Представитель от исполнительного органа государственной власти Чувашской Республики;Заместитель председателя Комитета Совета Федерации по промышленной политике, Член Комиссии Совета Федерации по жилищной политике и жилищно-коммунальному хозяйству;18.01.2002;август 2010;VISlucker@council.gov.ru;692-58-18,986-60-75;428028, г. Чебоксары, пр-т М.Горького, д. 24;(8-835-2) 41-98-93;279933
Смирнов;Александр;Васильевич;19.10.1958;Представитель от исполнительного органа государственной власти  Республики Мордовия;Заместитель председателя Комитета Совета Федерации по бюджету, Член Комиссии Совета Федерации по контролю за обеспечением деятельности Совета Федерации, Член Комиссии Совета Федерации по жилищной политике и жилищно-коммунальному хозяйству;13.04.2005;ноябрь 2010;AVSmirnov@council.gov.ru;692-69-70, 697-43-47,986-67-12;430002, г. Саранск, ул.Советская, д.35;(8-834-2) 32-77-54;279913
Смирнов;Юрий;Валентинович;01.12.1952;Представитель от законодательного (представительного) органа государственной власти  Ивановской области;Первый заместитель председателя Комиссии Совета Федерации по делам молодежи и туризму, Член Комитета Совета Федерации по делам Федерации и региональной политике;19.02.2004;март 2013;JVSmirnov@council.gov.ru;692-67-49,986-65-21;153001, г. Иваново, ул. Батурина, д. 5;(8-493-2) 41-92-88, 37-58-66;279992
Солонин;Юрий;Никифорович;05.06.1941;Представитель от исполнительного органа государственной власти Хабаровского края;Первый заместитель председателя Комиссии Совета Федерации по вопросам развития институтов гражданского общества, Член Комитета Совета Федерации по образованию и науке, Член Комиссии Совета Федерации по информационной политике;09.02.2005;май 2013;UNSolonin@council.gov.ru;629-85-44,986-68-63;680000, Хабаровск, ул.К.Маркса, д.56, каб.10;(8-421-2) 32-51-21;279957
Сорокин;Борис;Аркадьевич;05.06.1947;Представитель от законодательного (представительного) органа государственной власти Камчатского края;Заместитель председателя Комиссии Совета Федерации по национальной морской политике, Член Комитета Совета Федерации по делам Севера и малочисленных народов;20.02.2008;декабрь 2011;BASorokin@council.gov.ru;692-62-27,986-60-04;683017, г. Петропавловск-Камчатский, ул. Владивостокская, д. 2/1;(8-415-2) 41-22-62;1647936
Сорокин;Михаил;Михайлович;22.06.1946;Представитель от законодательного (представительного) органа государственной власти Новгородской области;Заместитель председателя Комитета Совета Федерации по обороне и безопасности, Член Комиссии Совета Федерации по контролю за обеспечением деятельности Совета Федерации;28.11.2001;октябрь 2011;MMSorokin@council.gov.ru;697-59-87, 697-60-47ф, 697-94-78,986-63-59;173005, г. Великий Новгород, Софийская пл., д.1;(8-816-2)  73-05-28;280052
Строев;Егор;Семенович;25.02.1937;Представитель от исполнительного органа государственной власти Орловской области;Член Комитета Совета Федерации по правовым и судебным вопросам;25.03.2009;февраль 2014;ESStroev@council.gov.ru;,986-64-67;;;280064
Суворов;Александр;Адамович;30.03.1943;Представитель от исполнительного органа государственной власти Томской области;Заместитель председателя Комиссии Совета Федерации по Регламенту и организации парламентской деятельности, Заместитель председателя Комиссии Совета Федерации по жилищной политике и жилищно-коммунальному хозяйству, Член Комитета Совета Федерации по делам Федерации и региональной политике;25.03.2004;март 2012;AASuvorov@council.gov.ru;692-58-92,986-65-07;634050, г. Томск, пл.Ленина, д.6;(8-382-2) 51-03-92, 51-50-16;280106
Сударенков;Валерий;Васильевич;13.06.1940;Представитель от исполнительного органа государственной власти Калужской области;Член Комитета Совета Федерации по образованию и науке, Член Комиссии Совета Федерации по культуре, Член Комиссии Совета Федерации по жилищной политике и жилищно-коммунальному хозяйству;18.11.2000;июль 2010;VVSudarenkov@council.gov.ru;692-67-18,986-60-79;248600, г. Калуга. пл. Старый Торг, д. 2;(8-484-2) 56-32-23, 53-17-18;280004
Сурков;Константин;Викторович;03.03.1956;Представитель от Читинской областной Думы;Первый заместитель председателя Комиссии Совета Федерации по взаимодействию со Счетной палатой Российской Федерации, Член Комитета Совета Федерации по конституционному законодательству;27.04.2005;январь 2010;KVSurkov@council.gov.ru;692-57-70,986-60-12;672021, г. Чита, ул. Чайковского, д.8, ком. 115;(8-302-2) 35-74-89, тел./факс 35-18-28;1649002
Тарло;Евгений;Георгиевич;13.02.1958;Представитель от исполнительного органа государственной власти Тамбовской области;Член Комитета Совета Федерации по конституционному законодательству, Член Комиссии Совета Федерации по культуре;11.07.2007;июль 2010;EGTarlo@council.gov.ru;,986-62-54;;;280100
Тер-Аванесов;Александр;Борисович;13.10.1969;Представитель от законодательного (представительного) органа государственной власти Костромской области;Заместитель председателя Комитета Совета Федерации по делам Федерации и региональной политике, Член Комиссии Совета Федерации по контролю за обеспечением деятельности Совета Федерации, Член Комиссии Совета Федерации по физической культуре, спорту и развитию олимпийского движения;08.02.2006;октябрь 2010;ABTerAvanesov@council.gov.ru;629-90-80,986-69-63;;;280018
Титов;Константин;Алексеевич;30.10.1944;Представитель от исполнительного органа государственной власти Самарской области;Заместитель председателя Комитета Совета Федерации по социальной политике и здравоохранению, Член Комиссии Совета Федерации по взаимодействию со Счетной палатой Российской Федерации;17.10.2007;август 2012;KATitov@council.gov.ru;697-99-09,6-79-09;443006, г. Самара, ул. Молодогвардейская, л. 210;(8-846) 242-33-02, 333-28-01;280085
Ткач;Олег;Поликарпович;23.09.1967;Представитель от исполнительного органа государственной власти Калининградской области;Первый заместитель председателя Комиссии Совета Федерации по информационной политике, Член Комитета Совета Федерации по обороне и безопасности;22.01.2004;сентябрь 2010;OPTkach@council.gov.ru;692-12-87,986-69-88;236007, Калининград, ул.Дмитрия  Донского, д.1;(8-401-2) 21-44-90;280001
Ткачёва;Нина;Васильевна;28.03.1954;Представитель от законодательного (представительного) органа государственной власти Курской области;Заместитель председателя Комиссии Совета Федерации по контролю за обеспечением деятельности Совета Федерации, Член Комитета Совета Федерации по бюджету, Член Комиссии Совета Федерации по вопросам развития институтов гражданского общества;26.05.2006;март 2011;NVTkacheva@council.gov.ru;692-63-76,986-63-76;305000, г. Курск, ул. Радищева, д. 17;(8-471-2) 56-29-55, 56-22-21;280023
Толкачев;Олег;Михайлович;18.11.1948;Представитель от исполнительного органа государственной власти города Москвы;Председатель Комиссии Совета Федерации по жилищной политике и жилищно-коммунальному хозяйству, Член Комитета Совета Федерации по экономической политике, предпринимательству и собственности, Член Комиссии Совета Федерации по национальной морской политике;14.01.2004;июль 2011;OMTolkachev@council.gov.ru;692-24-78ф,6-71-12;103032, г. Москва, ул. Тверская, д.13, ком. 204;(8-495) 692-06-63, 725-04-01;280041
Тонков;Николай;Иванович;24.12.1966;Представитель от законодательного (представительного) органа государственной власти Ярославской области;Заместитель председателя Комитета Совета Федерации по вопросам местного самоуправления, Член Комиссии Совета Федерации по делам молодежи и туризму;09.04.2004;март 2013;NITonkov@council.gov.ru;692-11-42,986-68-33;150000, Ярославль, Советская пл., д.5, каб.26;(8-485-2)  72-63-99;280133
Торлопов;Владимир;Александрович;14.11.1949;Представитель от исполнительного органа государственной власти Республики Коми;Заместитель председателя Комитета Совета Федерации по делам Севера и малочисленных народов;03.03.2010;январь 2014;VATorlopov@council.gov.ru;623-43-95,986-60-26;;;279907
Торшин;Александр;Порфирьевич;27.11.1953;Представитель от исполнительного органа государственной власти Республики Марий Эл;Первый заместитель Председателя Совета Федерации;26.01.2001;январь 2015;APTorshin@council.gov.ru;692-59-21,986-62-80;424001, г. Йошкар-Ола, Ленинский проспект, д.29;(8-836-2) 42-68-04;279910
Третяк;Борис;Никитович;12.02.1938;Представитель от Сахалинской областной Думы;Заместитель председателя Комитета Совета Федерации по делам Содружества Независимых Государств, Член Комиссии Совета Федерации по Регламенту и организации парламентской деятельности, Член Комиссии Совета Федерации по контролю за обеспечением деятельности Совета Федерации;13.12.2001;октябрь 2008;BNTretjak@council.gov.ru;692-66-29,986-60-98;693011, г. Южно-Сахалинск, ул.Чехова, д.37;(8-424-2) 42-14-39;280091
Трофимов;Евгений;Никитович;22.12.1947;Представитель от законодательного (представительного) органа государственной власти  Республики Коми;Заместитель председателя Комитета Совета Федерации по социальной политике и здравоохранению, Член Комиссии Совета Федерации по взаимодействию со Счетной палатой Российской Федерации;21.12.2001;март 2011;ENTrofimov@council.gov.ru;623-78-61,986-60-85;167610, г. Сыктывкар, ул. Коммунистическая, д.8;(8-821-2) 28-55-36;279907
Тулаев;Николай;Петрович;11.10.1954;Представитель от законодательного (представительного) органа государственной власти Калининградской области;Председатель Комиссии Совета Федерации по Регламенту и организации парламентской деятельности, Член Комитета Совета Федерации по обороне и безопасности, Член Комиссии Совета Федерации по контролю за обеспечением деятельности Совета Федерации;08.12.2000;март 2011;NPTulaev@council.gov.ru;692-59-84ф,986-60-86;236000, Калининград, ул.Кирова, д.17;(8-401-2) 59-95-04;280001
Тягачев;Леонид;Васильевич;10.10.1946;Представитель от законодательного (представительного) органа государственной власти Ростовской области;Член Комитета Совета Федерации по бюджету, Член Комиссии Совета Федерации по жилищной политике и жилищно-коммунальному хозяйству;11.07.2007;март 2013;LVTyagachev@council.gov.ru;692-62-29,986-65-77, 986-69-41;;;280079
Умаханов;Ильяс;Магомед-Саламович;27.03.1957;Представитель от исполнительного органа государственной власти Республики Дагестан;Первый заместитель председателя Комитета Совета Федерации по международным делам;29.11.2001;февраль 2015;IMUmahanov@council.gov.ru;697-48-69, 697-77-12,986-69-30;367005, Махачкала, пл.Ленина, Дом Правительства;(8-8722) 67-30-59;279889
Федоров;Валерий;Иванович;01.08.1943;Представитель от исполнительного органа государственной власти Вологодской области;Первый заместитель председателя Комитета Совета Федерации по конституционному законодательству, Член Комиссии Совета Федерации по естественным монополиям, Член Комиссии Совета Федерации по физической культуре, спорту и развитию олимпийского движения;03.10.2001;июнь 2012;VIFedorov@council.gov.ru;692-69-36,986-68-73;;;279987
Федоров;Владимир;Александрович;10.09.1946;Представитель от законодательного (представительного) органа государственной власти Республика Карелия;Заместитель председателя Комитета Совета Федерации по экономической политике, предпринимательству и собственности, Член Комиссии Совета Федерации по контролю за обеспечением деятельности Совета Федерации;04.01.2003;октябрь 2011;VAFedorov@council.gov.ru;692-57-18,986-60-87;185610, г. Петрозаводск, ул. Куйбышева, д.5;(8-814-2) 78-44-38;279904
Федоряк;Николай;Александрович;11.09.1949;Представитель от исполнительного органа государственной власти Ханты-Мансийского автономного округа - Югры;Член Комитета Совета Федерации по обороне и безопасности, Член Комиссии Совета Федерации по национальной морской политике, Член Комиссии Совета Федерации по физической культуре, спорту и развитию олимпийского движения;26.05.2010;март 2015;;697-90-70,6-78-63;;;280115
Фетисов;Вячеслав;Александрович;20.04.1958;Представитель от законодательного (представительного) органа государственной власти Приморского края;Председатель Комиссии Совета Федерации по физической культуре, спорту и развитию олимпийского движения, Член Комитета Совета Федерации по вопросам местного самоуправления, Член Комиссии Совета Федерации по делам молодежи и туризму;27.10.2008;октябрь 2011;VAFetisov@council.gov.ru;986-69-59;;;279951
Фролов;Николай;Алексеевич;01.08.1948;Представитель от исполнительного органа государственной власти Смоленской области;Заместитель председателя Комитета Совета Федерации по вопросам местного самоуправления, Заместитель председателя Комиссии Совета Федерации по взаимодействию со Счетной палатой Российской Федерации;22.04.2009;декабрь 2012;NAFrolov@council.gov.ru;623-57-90,986-60-48;;;280097
Хазин;Андрей;Леонидович;01.02.1969;Представитель от законодательного (представительного) органа государственной власти Кировской области;Заместитель председателя Комитета Совета Федерации по экономической политике, предпринимательству и собственности, Член Комиссии Совета Федерации по контролю за обеспечением деятельности Совета Федерации;23.06.2006;март 2011;ALKhazin@mail.ru;,;610019, г. Киров, ул. Карла Либкнехта, д. 69;(8-833-2) 62-48-00;280016
Хашир;Аслан;Азметович;06.09.1965;Представитель от законодательного (представительного) органа государственной власти Республики Адыгея;Заместитель председателя Комитета Совета Федерации по аграрно-продовольственной политике и рыбохозяйственному комплексу, Член Комиссии Совета Федерации по делам молодежи и туризму, Член Комиссии Совета Федерации по физической культуре, спорту и развитию олимпийского движения;02.02.2007;март 2011;AAHashir@council.gov.ru;629-31-62,986-64-83;;;280170
Чаплин;Юрий;Константинович;02.02.1955;Представитель от исполнительного органа государственной власти Астраханской области;Член Комитета Совета Федерации по аграрно-продовольственной политике и рыбохозяйственному комплексу, Член Комиссии Совета Федерации по вопросам развития институтов гражданского общества;25.02.2005;декабрь 2014;JLChaplin@council.gov.ru;692-57-21,986-66-12;414000, г. Астрахань, укл. Советская, д. 14. комн. 41;(8-851-2) 22-87-40;279972
Чекалин;Александр;Алексеевич;06.09.1947;Представитель от исполнительного органа государственной власти Удмуртской Республики;Член Комитета Совета Федерации по обороне и безопасности;12.05.2008;февраль 2014;AAChekalin@council.gov.ru;692-75-38ф,986-66-74;;;279925
Чеченов;Хусейн;Джабраилович;22.02.1942;Представитель от исполнительного органа государственной власти Кабардино-Балкарской Республики;Председатель Комитета Совета Федерации по образованию и науке, Член Комиссии Совета Федерации по естественным монополиям, Член Комиссии Совета Федерации по информационной политике;03.02.2004;сентябрь 2010;HDChechenov@council.gov.ru;692-59-03ф,986-69-14;360028, г. Нальчик, просп.  Ленина, д.27, Дом Правительства Кабардино-Балкарской Республики, ком. 325;(8-8662)  47-70-34;279895
Чуркин;Николай;Павлович;01.02.1949;Представитель от исполнительного органа государственной власти  Московской области;Первый заместитель председателя Комитета Совета Федерации по природным ресурсам и охране окружающей среды, Член Комиссии Совета Федерации по национальной морской политике;01.01.2002;май 2012;NPChurkin@council.gov.ru;692-63-83,986-66-28;103070, г. Москва, Старая пл., д.6, ком. 429;(495) 606-66-13, факс 606-03-78;280044
Шаклеин;Николай;Иванович;20.12.1943;Представитель от исполнительного органа государственной власти Кировской области;Заместитель председателя Комитета Совета Федерации по правовым и судебным вопросам, Член Комиссии Совета Федерации по культуре;01.04.2009;январь 2014;NIShaklein@council.gov.ru;692-69-12,986-64-27;;;280016
Шамков;Юрий;Вениаминович;25.06.1966;Представитель от исполнительного органа государственной власти Алтайского края;Заместитель председателя Комиссии Совета Федерации по делам молодежи и туризму, Член Комитета Совета Федерации по промышленной политике, Член Комиссии Совета Федерации по естественным монополиям;20.02.2008;август 2014;YVShamkov@council.gov.ru;692-43-36,986-69-31;656035, г. Барнаул, пр. Ленина, д. 41;(8-385-2) 36-30-46, факс 36-35-20;279938
Шатиров;Сергей;Владимирович;24.02.1949;Представитель от исполнительного органа государственной власти Кемеровской области;Первый заместитель председателя Комитета Совета Федерации по промышленной политике;27.06.2001;апрель 2015;SVShatirov@council.gov.ru;692-13-46,986-62-43;650099, г. Кемерово, Советский просп., д.62;(8-384-2)  факс 58-60-59;280013
Шверикас;Вячеслав;Николаевич;03.02.1961;Представитель от исполнительного органа государственной власти Республики Адыгея;Член Комитета Совета Федерации по делам Содружества Независимых Государств, Член Комиссии Совета Федерации по информационной политике;28.01.2004;январь 2012;VNShverikas@council.gov.ru;692-12-61,986-64-18;352700, г.  Майкоп, ул. Жуковского, д. 22;(8-8772) 52-38-07;280170
Шиянов;Рустем;Викторович;14.04.1971;Представитель от исполнительного органа  государственной власти Ульяновской области;Заместитель председателя Комитета Совета Федерации по промышленной политике, Член Комиссии Совета Федерации по физической культуре, спорту и развитию олимпийского движения;22.06.2005;апрель 2011;RVShiyanov@council.gov.ru;692-72-53,;432001, г. Ульяновск, пл. Ленина, д.1, ком. 216;(8-842-2) 41-22-42, 41-20-50;280122
Шпигель;Борис;Исаакович;18.02.1953;Представитель от исполнительного органа государственной власти Пензенской области;Председатель Комиссии Совета Федерации по вопросам развития институтов гражданского общества, Член Комитета Совета Федерации по делам Содружества Независимых Государств;03.04.2003;май 2015;BIShpigel@council.gov.ru;623-88-86, 692-92-86,986-61-27;440025, г. Пенза, ул. Московская, д.75, комн. 337;(8-841-2) 56-11-94, факс 55-04-11;280067
Штыров;Вячеслав;Анатольевич;23.05.1953;Представитель от исполнительного органа государственной власти Республики Саха (Якутия);Член Комитета Совета Федерации по вопросам местного самоуправления;23.06.2010;июнь 2015;;697-93-21,986-62-25;;;279935
Щеблыгин;Сергей;Евгеньевич;17.08.1956;Представитель от законодательного (представительного) органа государственной власти Орловской области;Заместитель председателя Комитета Совета Федерации по образованию и науке, Член Комиссии Совета Федерации по естественным монополиям, Член Комиссии Совета Федерации по культуре;28.12.2001;май 2012;SESheblygin@council.gov.ru;692-66-14,986-60-94;302000, г. Орел, пл. Ленина, д.1;(8-486-2) 43-12-79;280064
Щербаков;Владимир;Филиппович;01.01.1955;Представитель от законодательного (представительного) органа  государственной власти Удмуртской Республики;Заместитель председателя Комитета Совета Федерации по экономической политике, предпринимательству и собственности, Член Комиссии Совета Федерации по взаимодействию со Счетной палатой Российской Федерации;13.05.2009;декабрь 2012;VFScherbakov@council.gov.ru;692-61-02,986-65-48;;;279925
Яблоков;Юрий;Сергеевич;27.04.1969;Представитель от исполнительного органа государственной власти Ивановской области;Член Комитета Совета Федерации по промышленной политике, Член Комиссии Совета Федерации по естественным монополиям;23.06.2010;декабрь 2010;;697-61-65,6-74-23;;;279992
Якубовский;Владимир;Викторович;04.03.1952;Представитель от исполнительного органа государственной власти Иркутской области;Заместитель председателя Комиссии Совета Федерации по делам молодежи и туризму, Член Комитета Совета Федерации по вопросам местного самоуправления;18.11.2009;июнь 2014;VVYakubovskiy@council.gov.ru;697-52-47,;;;1649530
